email,gender_fb,full_name,username,password
csleney0@prnewswire.com,Gender Variant,Cari Sleney,csleney0,uZ5>{U+meZY%0h\
cinskipp1@skyrock.com,Trans,Carroll Inskipp,cinskipp1,"cN4!\8,LfJK_<$"
abalmadier2@etsy.com,Trans Female,Avivah Balmadier,abalmadier2,uT1<cB~~M
mpeal3@pagesperso-orange.fr,MTF,Maynard Peal,mpeal3,bM3/b+\IWA
lhachard4@nydailynews.com,Gender Questioning,Lou Hachard,lhachard4,aA5!8cQ/a
oscarffe5@microsoft.com,Cis,Octavia Scarffe,oscarffe5,yX0.L+c`9Xv}P
afortey6@gravatar.com,Cis Female,Aubine Fortey,afortey6,"pT2""<=edxFa0="
oewbanks7@nhs.uk,Gender Fluid,Othilie Ewbanks,oewbanks7,vR9'4'1Z)w98O(IR
azorzoni8@naver.com,Female to Male,Andromache Zorzoni,azorzoni8,bU8#%kPcm\N
wmccoughan9@livejournal.com,Neither,Win McCoughan,wmccoughan9,sC8<$(W9TRQ9y
swhitea@princeton.edu,Trans Woman,Stephan White,swhitea,wZ7=Y8jN.=H67
jaslieb@usnews.com,Cisgender Male,Joice Aslie,jaslieb,sA4}x`Tmck
wkiezlerc@alibaba.com,Cisgender,Wyndham Kiezler,wkiezlerc,"pB7,ZazU>"
gbeamandd@walmart.com,Two-Spirit,Gran Beamand,gbeamandd,zR8>aBe&+xZ
cryane@oaic.gov.au,Transsexual Man,Chris Ryan,cryane,lL1_&u4\s~\2
hturnf@aol.com,Cis Woman,Hayes Turn,hturnf,"wX7!,*(YB"
lmartellg@amazon.co.uk,Cis Female,Lottie Martell,lmartellg,"yK5(o,p$AC~@m~"
dpierpointh@chron.com,Pangender,Darbie Pierpoint,dpierpointh,"xL5+#""\9zR2St?"
kawini@msu.edu,Two-Spirit,Kath Awin,kawini,lM5_bSJarU
aworgej@businessinsider.com,Transsexual Person,Annabelle Worge,aworgej,tG9='8g+w
aeccottk@indiegogo.com,Transsexual Woman,Amelie Eccott,aeccottk,"qS0@Es""@2d*"
spatridgel@discuz.net,Cisgender Male,Shannon Patridge,spatridgel,vW1*g<fAq@#z
lculshawm@admin.ch,Bigender,Liane Culshaw,lculshawm,"xL6+M""=/"
jsweetingn@webs.com,Androgyne,Janean Sweeting,jsweetingn,wK4!fD8`9+RP0B
jdanio@amazon.co.jp,Trans Person,Jarrod Dani,jdanio,"eA8,xe_5*Tcl`rD"
mpatershallp@xrea.com,Gender Questioning,Maryl Patershall,mpatershallp,tL1()E8ru(rD#M?q
btropmanq@columbia.edu,Female to Male,Burg Tropman,btropmanq,"zD2$E8@""N/eB{"
jevittsr@gravatar.com,Intersex,Johnath Evitts,jevittsr,nD4&gaq@bJ(Ai(
rshyres@list-manage.com,Transsexual Man,Ramon Shyre,rshyres,eO9>RS{Ym
rclimpsont@quantcast.com,Cisgender Man,Richard Climpson,rclimpsont,nI2~o5XXKLj
hcurneenu@ftc.gov,Transgender Female,Hollis Curneen,hcurneenu,lI0\eJ>a5G
alorrainev@google.com.br,Gender Variant,Axe Lorraine,alorrainev,hN8$bKaI{`<
dtilburnw@wired.com,Cisgender Man,Delora Tilburn,dtilburnw,bI4/_=F@ah%Q{
btemplemanx@1und1.de,Transsexual Female,Buddie Templeman,btemplemanx,wQ9%\>\Akm6(K4
fbaumanny@springer.com,Trans Woman,Field Baumann,fbaumanny,gI7=1w%c1o
ebebbellz@nhs.uk,Genderqueer,Ernestus Bebbell,ebebbellz,yW5%MB$`sG45GWo
kdobney10@thetimes.co.uk,Intersex,Keir Dobney,kdobney10,pA7*j3qd@%gQ|~W
vyankin11@last.fm,Cis Female,Valentina Yankin,vyankin11,fO1+LwnuDn'
dohagirtie12@irs.gov,Transsexual Male,Damiano O'Hagirtie,dohagirtie12,"gL6""A}Z`2h8lsf."
msharkey13@soup.io,Cis Woman,Martelle Sharkey,msharkey13,aN9<=\_L
wromushkin14@businessinsider.com,Transsexual Person,Wally Romushkin,wromushkin14,wW6(#Il_tjy5
mdurtnall15@washington.edu,Trans Male,Mort Durtnall,mdurtnall15,zE8#zr8*f>
tkernaghan16@earthlink.net,Transgender,Thorin Kernaghan,tkernaghan16,dA3?2>z)b
bscrimgeour17@loc.gov,Agender,Bale Scrimgeour,bscrimgeour17,sM5*drP<OZ`>O
pcortese18@bloglovin.com,Transgender Man,Pearce Cortese,pcortese18,kJ2*$z$m@4
zwindham19@microsoft.com,Transsexual Female,Zabrina Windham,zwindham19,jE6_=M$Z~jBg
kgawne1a@walmart.com,Transsexual Person,Kelci Gawne,kgawne1a,sK0*.z)}j`>w
bharpin1b@samsung.com,Agender,Berthe Harpin,bharpin1b,wE7*!BciG8F3T
arallings1c@hugedomains.com,Transsexual Female,Allsun Rallings,arallings1c,qA9'Vvf|
vmc1d@google.it,Cisgender Woman,Vidovic Mc Caughen,vmc1d,sJ2&N#P0
gwhitcomb1e@mozilla.org,Androgyne,Garek Whitcomb,gwhitcomb1e,cV2(82%tbZ)_
cblunsden1f@dot.gov,Trans Man,Craggy Blunsden,cblunsden1f,rP9`?iQj@
cbuney1g@indiatimes.com,Trans Female,Camala Buney,cbuney1g,wD1|UiV<JzqTz|
fisenor1h@washington.edu,Gender Variant,Farly Isenor,fisenor1h,xA2\u`@'3{YZx{P
ikorous1i@toplist.cz,Male to Female,Ingelbert Korous,ikorous1i,"pC3*34W+eN,sd*u8"
klorenc1j@slideshare.net,Cis Female,Katusha Lorenc,klorenc1j,"iG6$HzYK_HRe`""Z"
akehoe1k@eventbrite.com,Transgender Person,Angelita Kehoe,akehoe1k,aB4@?CyEv
csindle1l@dot.gov,Transsexual Man,Cliff Sindle,csindle1l,"qF0<$k(zcItY+,h"
mdiemer1m@illinois.edu,Transfeminine,Margalo Diemer,mdiemer1m,"aX6)$et,B5?\yG"
icoronado1n@craigslist.org,Cis Male,Ivory Coronado,icoronado1n,hW7&EIqte|
eharbach1o@1und1.de,Bigender,Emmy Harbach,eharbach1o,mZ1#nYip
ajeannin1p@gizmodo.com,Transsexual Person,Anastasia Jeannin,ajeannin1p,nM6`X4zRUT
pdelahunty1q@stanford.edu,Transsexual Woman,Pryce Delahunty,pdelahunty1q,"uP8?)HYi""&\+x"
aclogg1r@freewebs.com,Neutrois,Algernon Clogg,aclogg1r,mX4=<US|IjB6&aB|
tcoryndon1s@illinois.edu,Cis Female,Teena Coryndon,tcoryndon1s,"tJ1('JrS,S"
bnutbeam1t@who.int,Bigender,Bernete Nutbeam,bnutbeam1t,wA2=l7epEa@C
jpylkynyton1u@canalblog.com,Gender Questioning,Jaquelyn Pylkynyton,jpylkynyton1u,dU1=UXjH<{5#T#?
dvan1v@bloglovin.com,MTF,Danice Van de Castele,dvan1v,pY5!Q(HS#
dbingle1w@php.net,Two-Spirit,Dagmar Bingle,dbingle1w,"cR6|?`zACJ,@JtM"
abennen1x@alibaba.com,MTF,Arielle Bennen,abennen1x,xL3<FOdCU6m
cwarne1y@nationalgeographic.com,MTF,Cristen Warne,cwarne1y,nF1%n2@l
cgariff1z@prweb.com,Cisgender Male,Cleavland Gariff,cgariff1z,"gK4""*&y|~"
hfrancke20@ihg.com,Cisgender Woman,Hetti Francke,hfrancke20,gO8_</h4|$I`
cnealon21@umn.edu,Trans Man,Creigh Nealon,cnealon21,"zF7&gufAeX`tF*Y,"
rdurante22@uol.com.br,Transgender Man,Royce Durante,rdurante22,cJ8)yY(Hi|FCP
greveland23@cnet.com,Female to Male,Giordano Reveland,greveland23,hU3*1AQmxd
kstuchburie24@opera.com,Female to Male,Karlene Stuchburie,kstuchburie24,uU9{'a3H
ocasson25@ed.gov,Transsexual Female,Olimpia Casson,ocasson25,"nZ5\<D""0"
abartell26@rediff.com,Trans,Albertine Bartell,abartell26,"oN8,SxJ)J"
kbolletti27@marketwatch.com,Trans Female,Kennith Bolletti,kbolletti27,jL1?~f6H
asutherby28@smugmug.com,Transsexual Man,Abey Sutherby,asutherby28,oO7/?+G/M9J
lspera29@techcrunch.com,Cisgender,Lewie Spera,lspera29,cS1?q5K_bK
tocridigan2a@ucsd.edu,Female to Male,Teresina O'Cridigan,tocridigan2a,"aT1}Z_/"""
mdell2b@bravesites.com,Trans,Matilde Dell Casa,mdell2b,"dO7(%B+p5,Y#U"
fsigg2c@privacy.gov.au,Transgender Female,Floris Sigg,fsigg2c,"iT6%w,sL"
pbatchley2d@paypal.com,Transgender Man,Page Batchley,pbatchley2d,qU4&DH8#j3
hghent2e@yahoo.com,Cis Woman,Hewe Ghent,hghent2e,gS6~&Q9l%Cp>}w
shoundsom2f@plala.or.jp,Trans Woman,Shellie Houndsom,shoundsom2f,"jZ5>9E~LDvl,/Z}"
pghioni2g@technorati.com,Gender Fluid,Percival Ghioni,pghioni2g,fU9/gJHcB3jXJV|
kvan2h@so-net.ne.jp,Trans Man,Kris Van Saltsberg,kvan2h,fB8_/#DMa6
critter2i@1und1.de,Trans Person,Christian Ritter,critter2i,qR4>20a&T{u*
tashbolt2j@mozilla.com,Cisgender,Traci Ashbolt,tashbolt2j,aB7/NL{0l'L
ateasey2k@oracle.com,Neither,Agatha Teasey,ateasey2k,vJ0`TQDr!)8.qEl
rbrennand2l@google.ca,Trans Female,Ruthann Brennand,rbrennand2l,bJ2+ZW.}GkI
bfendley2m@wisc.edu,Gender Nonconforming,Burch Fendley,bfendley2m,cS6'D5?#+8?}U
jdoerren2n@europa.eu,Two-Spirit,Joly Doerren,jdoerren2n,zF2\S=bMZ!OX
kpetric2o@earthlink.net,Bigender,Kellen Petric,kpetric2o,gZ9`W.iuUv
mmabley2p@csmonitor.com,Trans,Maryjane Mabley,mmabley2p,dZ1@VGF4ai*
kboshers2q@deviantart.com,Androgynous,Kingsley Boshers,kboshers2q,"nV9,).RFw"
rmacevilly2r@noaa.gov,Other,Rudiger MacEvilly,rmacevilly2r,jF9!<'vPtXlcd
chaquin2s@addthis.com,Trans Woman,Cosme Haquin,chaquin2s,"zD2.prW""P#%KJ"
upetrichat2t@yale.edu,Transgender Woman,Ulrica Petrichat,upetrichat2t,qN2@#r}Xs
mbright2u@prweb.com,Trans Woman,Millisent Bright,mbright2u,rT6{=dd~0X)C{l
mpilmer2v@irs.gov,Transgender Male,Mayer Pilmer,mpilmer2v,dC2=T43v
mohdirscoll2w@guardian.co.uk,Transgender Male,Marianne O'Hdirscoll,mohdirscoll2w,iO7&\H+3mU
ihubbock2x@techcrunch.com,Pangender,Inessa Hubbock,ihubbock2x,jJ2~z2!Cd`
kbastone2y@plala.or.jp,Cisgender Woman,Killie Bastone,kbastone2y,hN4\eiLo0>/A
swolfendale2z@jalbum.net,MTF,Stefan Wolfendale,swolfendale2z,eV2$+J!%_l}h
jochterlonie30@domainmarket.com,Transmasculine,Joshia Ochterlonie,jochterlonie30,"lS5%NT""4"
cwayman31@mashable.com,Genderqueer,Carmelle Wayman,cwayman31,"oD4!.IeMf,G.tOa"
friste32@wix.com,Cis Male,Faustina Riste,friste32,lQ8/U8gXRJH'FL
bbeers33@over-blog.com,Gender Nonconforming,Bastien Beers,bbeers33,gJ3%d|oK=
aguttridge34@amazonaws.com,Cis Male,Abigail Guttridge,aguttridge34,pN9!$$OtDc
rmustill35@sina.com.cn,Trans Female,Reid Mustill,rmustill35,tD5!s8`{VU=f1m
tmein36@google.ru,Transsexual Man,Tootsie Mein,tmein36,mR2`LtmOw|~09F
bandreaccio37@1und1.de,Cis Woman,Bibby Andreaccio,bandreaccio37,aS4~`Hd3~&h
fhaccleton38@lycos.com,Transfeminine,Fania Haccleton,fhaccleton38,yF0{N/q?b2F
pninotti39@biblegateway.com,Gender Variant,Pren Ninotti,pninotti39,"cZ3@kn7=9""7%W(3a"
sruller3a@is.gd,Transgender Male,Stacee Ruller,sruller3a,cO4'ax}e>w7
brodge3b@umn.edu,Trans Male,Bevin Rodge,brodge3b,nA5>At6#+n!
dslowan3c@cisco.com,Transgender Person,Denna Slowan,dslowan3c,"sE3),NDs*mBl""lo"
agaize3d@hatena.ne.jp,Cis,Alejandro Gaize,agaize3d,zV6{D{I3}h!{/4Ip
iranyard3e@umich.edu,Transsexual Woman,Inger Ranyard,iranyard3e,"tE0%Aq,HI"
cnanninini3f@jiathis.com,Transsexual Female,Cortie Nanninini,cnanninini3f,qN6>!X<|`JFkO%$q
knoice3g@symantec.com,Neither,Kiah Noice,knoice3g,bG9&cSMxUyw2K'5
reronie3h@wikimedia.org,Gender Fluid,Redd Eronie,reronie3h,bV0+byui(j%
dbaumert3i@rambler.ru,Cisgender Man,Dacy Baumert,dbaumert3i,zV2_+_AAnVGqsU?
hneath3j@nature.com,Gender Nonconforming,Herold Neath,hneath3j,"kN1=}CUZ(|pE|>,"
jburgiss3k@wordpress.com,FTM,Jillene Burgiss,jburgiss3k,oH6.kaL6Qr
astrase3l@blogger.com,Transsexual Man,Avivah Strase,astrase3l,"zV3""1HE$}93~%"
czimmer3m@sohu.com,Gender Fluid,Claribel Zimmer,czimmer3m,"aE1>6P.,"
fgrevile3n@goodreads.com,Transsexual Woman,Francene Grevile,fgrevile3n,oS6.!yerbW~c
sjerger3o@behance.net,Androgynous,Sharai Jerger,sjerger3o,aD9@IyGV0
texell3p@soundcloud.com,Gender Variant,Tracie Exell,texell3p,oY2#S{41|`C#1_az
mpolk3q@microsoft.com,Transgender Male,Marv Polk,mpolk3q,lX8)ASI`cq!N
dlidbetter3r@yellowpages.com,Transgender Female,Doll Lidbetter,dlidbetter3r,qD6+Ev}<1
cmadelin3s@sciencedaily.com,Transsexual Woman,Cordy Madelin,cmadelin3s,cI5+gc+6Z
kflannigan3t@hhs.gov,Other,Kendre Flannigan,kflannigan3t,xG7\xeBW
htuxell3u@ucla.edu,Gender Variant,Herby Tuxell,htuxell3u,"tA0<F_e!5,!<OGn"
kfance3v@canalblog.com,Gender Fluid,Katy Fance,kfance3v,lC8>+..w.Vl|P
mpellamonuten3w@liveinternet.ru,Transgender Male,Margret Pellamonuten,mpellamonuten3w,jB3|Wo'RT
ehews3x@time.com,Transgender Male,Eal Hews,ehews3x,cW6`h5C(@9I|0lV5
jmacascaidh3y@t.co,Trans,Johnette MacAscaidh,jmacascaidh3y,eN4#U#FVn8y.yd
ecollis3z@un.org,Neither,Ethan Collis,ecollis3z,qN7=L%Zg+KT$9
kgallear40@usa.gov,Intersex,Karlotta Gallear,kgallear40,aU3|MpW'7
mgrigorkin41@kickstarter.com,Transgender Man,Maggee Grigorkin,mgrigorkin41,"qW7.lkv,XUmh1"
mmatijevic42@slate.com,Genderqueer,Mayor Matijevic,mmatijevic42,"tM6%5)a<uOy,wmJ"
hcrookston43@youtu.be,Transgender Male,Hal Crookston,hcrookston43,kH9_7B$}=q9|R
dseefus44@woothemes.com,Transgender Female,Domingo Seefus,dseefus44,iH4>nZ2JeM30
aperrie45@telegraph.co.uk,Non-binary,Anselm Perrie,aperrie45,wY5.R=pEqa%Yq
bgoldfinch46@quantcast.com,Trans,Blair Goldfinch,bgoldfinch46,cG5}Lgt'z#
jlind47@cdc.gov,Transsexual Man,Justinian Lind,jlind47,nP8>6}7_NG
cdonegan48@google.nl,Transgender,Clemmy Donegan,cdonegan48,rG1&T$gUt?
taries49@howstuffworks.com,Cisgender Female,Teodor Aries,taries49,kX0$%iY6
hkarpol4a@wufoo.com,Transsexual Male,Hazlett Karpol,hkarpol4a,oX4_vsq>
mroncelli4b@nsw.gov.au,Trans Man,Mark Roncelli,mroncelli4b,tD8/fn%dkqQ9?t
creddell4c@slashdot.org,Cisgender Female,Cristina Reddell,creddell4c,"zK8""pZfR"
cmcnern4d@imageshack.us,Bigender,Chrysler McNern,cmcnern4d,hG2&@.NI
mmountcastle4e@ox.ac.uk,Trans Female,Modestia Mountcastle,mmountcastle4e,hN9<hmG0eZ.8({s
eshoorbrooke4f@yahoo.co.jp,Cis,Eloise Shoorbrooke,eshoorbrooke4f,hE4'>k50$
kdowall4g@disqus.com,Non-binary,Kalinda Dowall,kdowall4g,wC6<_n5F+k+K
etemplar4h@pen.io,Trans,Esme Templar,etemplar4h,"hT7<OIj,"
jparlatt4i@skyrock.com,FTM,Janeva Parlatt,jparlatt4i,vC1.YFosO!$KQ
hadamovsky4j@soup.io,Cis,Holly Adamovsky,hadamovsky4j,oK8)>P'pdMgla'r
tskippon4k@csmonitor.com,Pangender,Thor Skippon,tskippon4k,oK7\.CXU/BX>RF`t
cpenchen4l@live.com,Female to Male,Carolyn Penchen,cpenchen4l,vV6>KBLTm/GOz)t
lannis4m@nhs.uk,Transsexual Female,Leontyne Annis,lannis4m,aE2(vJx0z*\IQ#
bditt4n@jalbum.net,Cis,Bogart Ditt,bditt4n,"dH1'o6`,BH><>r12"
gshemwell4o@nifty.com,Female to Male,George Shemwell,gshemwell4o,aF9'~%!5GZ>r
cmeriel4p@hao123.com,Transsexual Man,Chlo Meriel,cmeriel4p,pO8\eJfmv>qi
avergo4q@tinypic.com,Transgender Female,Allene Vergo,avergo4q,"tP6}KbE""Y"
jrobrose4r@infoseek.co.jp,Cis Man,Jeremiah Robrose,jrobrose4r,yW1+8H$XS`c&s
scrane4s@pbs.org,Gender Questioning,Sterling Crane,scrane4s,kP0~WO*Ys.0s
cdonizeau4t@vkontakte.ru,Cis Male,Clara Donizeau,cdonizeau4t,aK6$|0t4e?>ojTT
jprangnell4u@booking.com,Two-Spirit,Josey Prangnell,jprangnell4u,eZ1&.X'}H
mkaygill4v@goo.ne.jp,Cisgender Female,Maure Kaygill,mkaygill4v,tN8=@0}s3zPSHbU
anudds4w@jimdo.com,Transfeminine,Anastassia Nudds,anudds4w,"gK3""=hZLn}RQ"
lpilling4x@goo.gl,Transgender Male,Leone Pilling,lpilling4x,"zT3/,O'pB#1j@#{"
gcoutts4y@un.org,Cis Female,Gwendolen Coutts,gcoutts4y,qB1}KrAA)
sgodehardsf4z@flickr.com,Non-binary,Sisely Godehard.sf,sgodehardsf4z,kU3*FbAq(jG?Ll
eharvey50@ucoz.ru,Gender Nonconforming,Emmeline Harvey,eharvey50,"tW6#6W,,&sw>%H"
wblurton51@adobe.com,FTM,Worthington Blurton,wblurton51,"zY6,h.Am|\V%"
fograda52@webnode.com,Other,Freeman O'Grada,fograda52,hY6.g6g*
aohowbane53@posterous.com,Gender Questioning,Albina O'Howbane,aohowbane53,tS9@L_GS
eellett54@wiley.com,Cisgender Female,Edward Ellett,eellett54,"vM6+zN3Jc,"
gcroxton55@cam.ac.uk,Trans Person,Glynda Croxton,gcroxton55,sQ4#N$Mo
bbolduc56@privacy.gov.au,FTM,Brita Bolduc,bbolduc56,vV5$5fn(
ocoyne57@issuu.com,Transsexual Male,Olympia Coyne,ocoyne57,"mL4?34$opc=)bj""A"
afisbey58@addthis.com,Two-Spirit,Adelind Fisbey,afisbey58,fQ0!ud<g
sjahn59@cafepress.com,Two-Spirit,Shea Jahn,sjahn59,dD5#~eQH
rkilliner5a@newyorker.com,Cisgender Man,Rosalyn Killiner,rkilliner5a,nR4@R|499tJQhQ
hchauvey5b@geocities.jp,Transsexual Female,Hadrian Chauvey,hchauvey5b,rL2|Wk4Bf%{)*8U
jtomashov5c@japanpost.jp,Trans Man,Joete Tomashov,jtomashov5c,qI6)bYuM3X7Ktxh
hmacnelly5d@mapquest.com,Transgender Man,Huey MacNelly,hmacnelly5d,bA7.B7nfE/MumhH{
sgeorgiev5e@sfgate.com,Transfeminine,Sal Georgiev,sgeorgiev5e,nI0}zF|O5
hkinnerk5f@squarespace.com,Transsexual Female,Hillard Kinnerk,hkinnerk5f,"iK3#6dHsq%F,"
pkingshott5g@wunderground.com,Other,Pedro Kingshott,pkingshott5g,"yD4`vk,2q_QNo4_3"
leusden5h@themeforest.net,Neutrois,Livvyy Eusden,leusden5h,nZ4>I)oa3Z
abenneton5i@cyberchimps.com,Gender Fluid,Antonia Benneton,abenneton5i,"rG3}0'N,,t_Zxt"
taddess5j@wiley.com,Agender,Tristan Addess,taddess5j,oT6(rdZ@7
mholberry5k@howstuffworks.com,Cisgender Female,Mac Holberry,mholberry5k,uO7|ZRXT!
esarten5l@yahoo.com,Cisgender Woman,Elfreda Sarten,esarten5l,"pB9'v,_s+6)@"
rnatwick5m@cocolog-nifty.com,Non-binary,Reynard Natwick,rnatwick5m,sK8$L>NKq
areck5n@e-recht24.de,Transgender Male,Abigael Reck,areck5n,gP4(l77og5/
ckettlesting5o@accuweather.com,Cis,Clare Kettlesting,ckettlesting5o,uA4>~%<nz~G_
bhumpherston5p@spiegel.de,Cis Male,Buddy Humpherston,bhumpherston5p,"hS2`?,glbH%Z"
alakenton5q@networkadvertising.org,Transsexual,Andriette Lakenton,alakenton5q,jS9+Iy(fb)k)t
amaycock5r@hp.com,Cis Female,Aggie Maycock,amaycock5r,cO4!u}f*UKc
cpickthorne5s@tinyurl.com,Bigender,Cordy Pickthorne,cpickthorne5s,"wR9,DXu/~P'3)""C"
ejoris5t@smugmug.com,Pangender,Eustace Joris,ejoris5t,nM2#_C>+t!SP!p
gbridewell5u@google.pl,Trans Female,Gordie Bridewell,gbridewell5u,eQ3}s?_K_Q$
jkeyme5v@etsy.com,Cisgender,Joscelin Keyme,jkeyme5v,"eG6!w""7P?*Fkd4Qd"
mlavielle5w@blogtalkradio.com,Transgender Person,Marie Lavielle,mlavielle5w,zW3(j3kj18ZJ)gGy
npaxton5x@purevolume.com,Cisgender Male,Nickey Paxton,npaxton5x,fY2#L(i>R3
dgosart5y@eventbrite.com,Cisgender Woman,Dyanna Gosart,dgosart5y,vX5#RzBn)l
qlongwood5z@slate.com,Transgender,Quinta Longwood,qlongwood5z,rO3}qZzZ!2d(>U2p
hdunnan60@telegraph.co.uk,Cisgender Male,Horatia Dunnan,hdunnan60,hW0>MQ3f8U=>Q
rdimbylow61@wunderground.com,Cisgender Female,Rowland Dimbylow,rdimbylow61,uU7~n{=T&
eciciari62@github.io,Bigender,Elenore Ciciari,eciciari62,iH3}5qF3Wy
abirney63@hc360.com,Non-binary,Alfy Birney,abirney63,"rE1,0S58T.O0b"
vrowswell64@answers.com,Transgender Female,Verge Rowswell,vrowswell64,sF3@Ba\QK
acoulthart65@archive.org,Pangender,Allen Coulthart,acoulthart65,"bH8?dh<m6,unebO4"
jkiggel66@a8.net,Pangender,Jaquenette Kiggel,jkiggel66,kJ7?N$*.Z!
cdruitt67@pbs.org,Cisgender Woman,Court Druitt,cdruitt67,cI2@c`aR@9
ablenkharn68@yahoo.com,Transgender Male,Artur Blenkharn,ablenkharn68,gN4*04B2#poIyA
tharmon69@statcounter.com,Two-Spirit,Tris Harmon,tharmon69,jQ0(5g|@5FG}
cliveley6a@sfgate.com,Transsexual Woman,Carena Liveley,cliveley6a,xI8)#p~t=N%
iilem6b@hexun.com,Transsexual,Ibrahim Ilem,iilem6b,nT2&k\3tcn2s
whebner6c@noaa.gov,Non-binary,Wendeline Hebner,whebner6c,wA6(pz\ntrv.5o/5
ktesche6d@imgur.com,Transgender Man,Kamillah Tesche,ktesche6d,qU4%!.HSe!`e
naronstein6e@adobe.com,Androgynous,Noble Aronstein,naronstein6e,oZ1/i&Zg|'+(X
imenichillo6f@skype.com,Male to Female,Irene Menichillo,imenichillo6f,"iY9""h)VcQ|oq"
ayerbury6g@harvard.edu,Cis Female,Allison Yerbury,ayerbury6g,eW1=G|Cc1x+
sboomes6h@ucsd.edu,Trans Man,Sorcha Boomes,sboomes6h,uE8?6'k>
jcolcutt6i@ask.com,Transsexual Male,Jud Colcutt,jcolcutt6i,eF7<1!ze>
nbraybrooks6j@mozilla.com,Cisgender Male,Nertie Braybrooks,nbraybrooks6j,rP8{/WmJ(j4
toscannill6k@ebay.co.uk,Cisgender,Tova O'Scannill,toscannill6k,zY7%s43WQmR
nhelgass6l@163.com,Male to Female,Nikki Helgass,nhelgass6l,mA3~F{zf>KY2+a!
dwillbond6m@google.com.br,Transgender Male,Dmitri Willbond,dwillbond6m,gB4`>4U$wCI9W
gyven6n@redcross.org,Neutrois,Gennie Yven,gyven6n,"tQ1/CA/g""WyBu/g"
pst6o@pbs.org,Trans Male,Paquito St. Pierre,pst6o,zB7&Z_A&Mb(oSY
hwoof6p@usgs.gov,Transsexual,Haley Woof,hwoof6p,sM3$Ni$C
ibasnett6q@blinklist.com,Transsexual Man,Irma Basnett,ibasnett6q,jI5.p%qU=&8v
jfraulo6r@washingtonpost.com,Trans Woman,Jocelyn Fraulo,jfraulo6r,lM5<)W1XDv#>H`p
cfonzone6s@dedecms.com,Cisgender Woman,Cahra Fonzone,cfonzone6s,xI3.sI6c_
bkenealy6t@cnn.com,Gender Nonconforming,Bibbie Kenealy,bkenealy6t,dW0_ivkz0
mpockett6u@dedecms.com,Cisgender,Morgana Pockett,mpockett6u,qK8<<gTU({?T
corme6v@elegantthemes.com,Trans,Cointon Orme,corme6v,"oJ0_*6gT'A=,w"
jmordacai6w@t-online.de,Cisgender Female,Junia Mordacai,jmordacai6w,kU0)Y$JE{l8XZ
egirardi6x@cocolog-nifty.com,Transfeminine,Erna Girardi,egirardi6x,iK1$!|Qr=zGs/2
granklin6y@cmu.edu,Neither,Gratiana Ranklin,granklin6y,oI8.fGZ'kC
gpow6z@123-reg.co.uk,Transsexual Person,Garvy Pow,gpow6z,lU5%s>1Wn
mdrioli70@hubpages.com,Androgyne,Mada Drioli,mdrioli70,"yG6.%v""85WM),"
tfawthrop71@discovery.com,Androgyne,Tatum Fawthrop,tfawthrop71,bQ7}|5G<xQsak\
egilson72@sbwire.com,Androgyne,Estella Gilson,egilson72,xJ0)@tjl%Za1XS
chorsewood73@sakura.ne.jp,Genderqueer,Cully Horsewood,chorsewood73,aB6'it{MBrp
tkonerding74@nps.gov,Intersex,Tamra Konerding,tkonerding74,"gW0$`+X,FKoL"
jericsson75@dyndns.org,Cis Woman,Jarrod Ericsson,jericsson75,fB5%.Q5~u
btenpenny76@slideshare.net,Trans Man,Barn Tenpenny,btenpenny76,wV1@sH!p2C
hredgrave77@mlb.com,Transsexual Woman,Happy Redgrave,hredgrave77,rH1(zbJ$>o
gst78@exblog.jp,Neutrois,Gertrude St Ledger,gst78,vA5!D}>NJxfB&
hbriance79@tamu.edu,Transgender Woman,Hanson Briance,hbriance79,kI9/Q&!N2nJ#Yi4R
pkyndred7a@wordpress.org,Cisgender Man,Perceval Kyndred,pkyndred7a,nY6@VhJZ78SR
gscones7b@wp.com,Gender Fluid,Garnette Scones,gscones7b,lM1%iD_p
jstork7c@cornell.edu,Transgender Male,Juliane Stork,jstork7c,"fA5%@rMI""x"
rkasperski7d@java.com,Neutrois,Rey Kasperski,rkasperski7d,"dJ3""%Ur}"
cburges7e@usatoday.com,Other,Christoforo Burges,cburges7e,oK0%\~g0
mlatek7f@about.me,Other,Maia Latek,mlatek7f,"sE3{U{yyV&FQ""p%`"
ccaneo7g@businessinsider.com,Gender Fluid,Carmelle Caneo,ccaneo7g,pS0@4Hf+
awolffers7h@ebay.co.uk,Cis Male,Alissa Wolffers,awolffers7h,"aX2(w""Qu6xq!sW%"
slumly7i@webnode.com,Two-Spirit,Shawn Lumly,slumly7i,rY7\sl0v%xYW7oS!
ckearn7j@abc.net.au,Transsexual Woman,Christie Kearn,ckearn7j,"pU0+j@""J"
esalmon7k@barnesandnoble.com,Cis Man,Estel Salmon,esalmon7k,qZ5\_$j)
gyakovitch7l@merriam-webster.com,Cisgender Male,Gussy Yakovitch,gyakovitch7l,tD0*\_5>mPLNVH}5
squodling7m@si.edu,Transgender Person,Sallee Quodling,squodling7m,uB8}_h9X~Jv\J
mhegg7n@hexun.com,FTM,Melva Hegg,mhegg7n,iI5%yP%H
apeakman7o@mac.com,Cisgender,Abbie Peakman,apeakman7o,kB8(.XegKbalD$O
akener7p@people.com.cn,Genderqueer,Aila Kener,akener7p,pE1>$'7$P*oyi4n
pbartot7q@sun.com,Cis Woman,Patric Bartot,pbartot7q,iE6`p}pUA
vferreras7r@bloomberg.com,Trans Female,Velvet Ferreras,vferreras7r,vU0~t&'Y
dduffill7s@berkeley.edu,Intersex,Debi Duffill,dduffill7s,eT1+/E#nX*T.i|N&
bjoyner7t@godaddy.com,Neither,Ben Joyner,bjoyner7t,oY8@h3l`Kw|ld#
bchidler7u@squarespace.com,Gender Questioning,Beryl Chidler,bchidler7u,aI9>/{1nC=$oyM%x
ypengilly7v@narod.ru,Agender,Yule Pengilly,ypengilly7v,"lS1.""L*e,er!"
grosenkrantz7w@smh.com.au,Cis,Gustaf Rosenkrantz,grosenkrantz7w,fB0'K|/*?a$Z
esoaper7x@people.com.cn,Gender Fluid,Elinor Soaper,esoaper7x,yF9!'at_76i%xa
malexsandrev7y@about.com,Transgender Person,Mirelle Alexsandrev,malexsandrev7y,pS7>0A<z\Sl%z
rclarey7z@1688.com,Cis Male,Ramonda Clarey,rclarey7z,eT3`Sa%E
lcarrington80@jigsy.com,Gender Variant,Leilah Carrington,lcarrington80,"xV8""3b3@}1>"
dkubach81@webs.com,Transgender Female,Dun Kubach,dkubach81,xR2*sP>iccj
jghidoli82@behance.net,MTF,Jenni Ghidoli,jghidoli82,gE0?|VH9m<'
fshortland83@livejournal.com,Genderqueer,Felicdad Shortland,fshortland83,eC4=>(>0b2DLhz3
cclines84@jimdo.com,Trans Female,Chickie Clines,cclines84,uF1{%#srgMVZ<4
rmeehan85@xinhuanet.com,Male to Female,Raquel Meehan,rmeehan85,"lX7""_wm>)f7vA"
bcrielly86@weibo.com,Transsexual,Belle Crielly,bcrielly86,mZ9*)'6O0
nmaine87@hexun.com,Intersex,Nananne Maine,nmaine87,"uB4>*aIoG,Hk+"
parnald88@si.edu,Gender Nonconforming,Phillipe Arnald,parnald88,lQ0{4x}flc9t)
acourcey89@sbwire.com,Intersex,Aharon Courcey,acourcey89,rY4)8lSb8l4KWI1
cpiris8a@oaic.gov.au,Gender Variant,Corrinne Piris,cpiris8a,dK3_C&DZiVcC
obelchambers8b@mit.edu,Transsexual,Odetta Belchambers,obelchambers8b,wF1}Ui#55P=T
klurner8c@google.co.uk,Androgynous,Kimbra Lurner,klurner8c,lN2+5X'l8
dborland8d@dagondesign.com,Transsexual Woman,Devlin Borland,dborland8d,oJ3}Go&Q$
snafziger8e@digg.com,Androgyne,Sonya Nafziger,snafziger8e,"gZ5>_gE""~"
sburless8f@harvard.edu,Two-Spirit,Shane Burless,sburless8f,sY7(5uy}Y\A#nWd
tjanikowski8g@cnbc.com,Gender Variant,Thorin Janikowski,tjanikowski8g,"gP5`7!,T.cmC"
vpickle8h@live.com,Cisgender Woman,Vernen Pickle,vpickle8h,aQ6%w?mF~FgU6t
regerton8i@yellowbook.com,Trans Man,Rosene Egerton,regerton8i,nY8>$cd=SO
gtytcomb8j@msn.com,Trans,Gaultiero Tytcomb,gtytcomb8j,oN4\NPOh
atanti8k@wix.com,Trans Woman,Artie Tanti,atanti8k,sI2#!BNdgCC&p2F)
gtranmer8l@e-recht24.de,Trans Female,Gwenore Tranmer,gtranmer8l,iY1#Qu(Iuk(eMp7P
tbaudains8m@youku.com,Transgender Female,Tova Baudains,tbaudains8m,nF7+eI|2@2I
bstammer8n@va.gov,MTF,Bartlet Stammer,bstammer8n,zO7*?YdJPldX
abanting8o@furl.net,Trans Male,Adolphus Banting,abanting8o,gD5=)>=p
bhowgill8p@omniture.com,Transmasculine,Brennan Howgill,bhowgill8p,sA9(mC7x`f*sh/$H
ckingescot8q@mit.edu,Cisgender Woman,Cynthia Kingescot,ckingescot8q,"vH6""pMtw"
wsemon8r@ed.gov,Bigender,Whitby Semon,wsemon8r,"kX1_!(Cq,D`3"
tkuscha8s@nifty.com,Transgender,Terri Kuscha,tkuscha8s,oN1>WYt4
cmonard8t@photobucket.com,Female to Male,Clarisse Monard,cmonard8t,kJ7(3k#/Vp(LW/
tnears8u@psu.edu,Cis Male,Tris Nears,tnears8u,sA1{Yzg&5t
ltriggs8v@twitter.com,Female to Male,Leanna Triggs,ltriggs8v,zE4&t(omU.u(!7{!
lpick8w@adobe.com,Androgynous,Loleta Pick,lpick8w,mU8)\zsSk
eeastment8x@telegraph.co.uk,Cis Male,Ezechiel Eastment,eeastment8x,rY0?nf3kU9aE=D\
abelward8y@fotki.com,Neutrois,Alvinia Belward,abelward8y,xE1>ChH/&0bL~1V
aandretti8z@redcross.org,Androgynous,Auguste Andretti,aandretti8z,zZ3\%MKpSYd~xSU
auttley90@comcast.net,Transmasculine,Aimee Uttley,auttley90,vJ1|f/xP~A
wallicock91@rediff.com,Gender Questioning,Wayne Allicock,wallicock91,tZ5}9dKR@?#
lhallows92@independent.co.uk,Cis,Lionello Hallows,lhallows92,tR0_/l9Gz{rP09t3
blampe93@joomla.org,Transgender Woman,Bertrand Lampe,blampe93,jF7/q'I?}tsbs#T?
rscarratt94@cbc.ca,Gender Variant,Rinaldo Scarratt,rscarratt94,aV7/yH8{uw{!P#'
szebedee95@businessweek.com,Other,Stanly Zebedee,szebedee95,oJ3=.\C~
denric96@lycos.com,Transsexual Woman,Dewey Enric,denric96,"nY3,\I@H8Vkw1"
mbarosch97@meetup.com,Cisgender Woman,Madeleine Barosch,mbarosch97,bA0(\AB_vmD#wFk
gskellon98@example.com,Agender,Gigi Skellon,gskellon98,wX8{=x`*?X.V?
estolberg99@dedecms.com,Gender Variant,Emile Stolberg,estolberg99,"xW6,}Rt+|#"
mbulled9a@123-reg.co.uk,MTF,Mikkel Bulled,mbulled9a,wP5#\9NQHVNdeB96
dkruschev9b@surveymonkey.com,Cisgender,Davin Kruschev,dkruschev9b,eI3+8VnHvNG
rlindwall9c@goo.ne.jp,Trans Man,Roseline Lindwall,rlindwall9c,"lY7"",+i}L}j~"
djewell9d@trellian.com,Trans Man,Dayna Jewell,djewell9d,eC1/X!1Wdb7&\4dy
aroos9e@tinyurl.com,Agender,Aindrea Roos,aroos9e,aY8\1+sTgB
kpatkin9f@mayoclinic.com,Male to Female,Kerr Patkin,kpatkin9f,iN9\rZy)dwJenk<|
jbarsby9g@netscape.com,Cisgender Man,Jennette Barsby,jbarsby9g,hS2$kHP}K
mkingsnode9h@cbc.ca,Trans Person,Martelle Kingsnode,mkingsnode9h,pW7*t3_Cmll/
mqueyeiro9i@twitter.com,Transgender Woman,Mag Queyeiro,mqueyeiro9i,eW9&#4kL
udulieu9j@ebay.com,Other,Udall Dulieu,udulieu9j,rO4\@OW(f
kniven9k@businessinsider.com,Transsexual Person,Kerianne Niven,kniven9k,mL6_IarA
icham9l@webs.com,Cis Woman,Ilsa Cham,icham9l,"bS3,W""}e){"
mrodie9m@mediafire.com,Transsexual Male,Maryanne Rodie,mrodie9m,iZ9|a`nP#+&lo
pstanfield9n@sciencedirect.com,FTM,Pascal Stanfield,pstanfield9n,"rF0=)""4jAxB.i)"
achilcotte9o@adobe.com,Transgender Female,Adriano Chilcotte,achilcotte9o,wB6<K0>N_LS
nvelti9p@huffingtonpost.com,Cisgender Man,Nike Velti,nvelti9p,"yK0%O|D""jZr3\"
tdreamer9q@squidoo.com,Cisgender Male,Terry Dreamer,tdreamer9q,aJ1.gJ0P5`$!WAq?
jlevesley9r@zdnet.com,Trans,Jane Levesley,jlevesley9r,iJ9>@2HF
mbristoe9s@cnet.com,Transfeminine,Malissa Bristoe,mbristoe9s,vU0*'TsX5na\>&6)
kortet9t@odnoklassniki.ru,Cisgender,Katuscha Ortet,kortet9t,"aD4_K""f2)org{"
tbaike9u@irs.gov,Gender Fluid,Townsend Baike,tbaike9u,qB9%(ot5}&g
vcreaven9v@yahoo.co.jp,Transsexual Female,Victoir Creaven,vcreaven9v,jD0<{?r6p%cS
jkenwell9w@purevolume.com,Transgender,Jehanna Kenwell,jkenwell9w,"hH2@L""+z~fiVG"
yneighbour9x@printfriendly.com,Trans Man,Yvon Neighbour,yneighbour9x,yC0*1k%/
lwhitmore9y@ifeng.com,Trans Woman,Lorry Whitmore,lwhitmore9y,uJ3<cyn@X6iG~R
wdreinan9z@mozilla.org,Transgender Person,Willabella Dreinan,wdreinan9z,"sJ5@o,jVTYu%=C6"
ssekullaa0@networkadvertising.org,Transgender Person,Svend Sekulla,ssekullaa0,iC5#nsU/l
zgrimsdykea1@phoca.cz,Gender Fluid,Zebulen Grimsdyke,zgrimsdykea1,qH4*89Zyy5
dbuzzinga2@prnewswire.com,Transsexual Female,Doralin Buzzing,dbuzzinga2,xT6(sW.IRy)UEF
swormella3@diigo.com,Cis Male,Sayre Wormell,swormella3,pT1\alha8r.AI\?i
fsilvestona4@cargocollective.com,Pangender,Farly Silveston,fsilvestona4,cR6*H$9b1ch
sdivalla5@kickstarter.com,Cisgender Woman,Sissy Divall,sdivalla5,hQ6`b=cv+s
cmcsporona6@photobucket.com,Trans Person,Cris McSporon,cmcsporona6,"yB9,G@{Kb8c"
dgosselina7@surveymonkey.com,Transgender Female,Devlen Gosselin,dgosselina7,zO0.UTFh%wB
ahorlicka8@360.cn,Pangender,Abraham Horlick,ahorlicka8,mO6(zdE1\*D2
srandalsa9@ustream.tv,Neutrois,Shelba Randals,srandalsa9,uU2(*{)xCpA+
snaiseyaa@parallels.com,Cisgender,Stanley Naisey,snaiseyaa,nS5?LT}Ax8k>
syouelab@howstuffworks.com,Trans Man,Saree Youel,syouelab,"wQ2`|!m8WEl,"
bpinnac@reverbnation.com,Transgender Male,Bartie Pinn,bpinnac,aL3!mB2R?
hzamoraad@123-reg.co.uk,Other,Haskel Zamora,hzamoraad,zM3~Mt|<
swhitneyae@umich.edu,Transsexual Person,Selena Whitney,swhitneyae,"sM9""Nw7,"
crenihanaf@privacy.gov.au,Transgender Person,Clovis Renihan,crenihanaf,bF2*g40k
sbunchag@oakley.com,Trans Male,Sophronia Bunch,sbunchag,qJ1{WH)h
gpenkeah@cdc.gov,Trans Woman,Gilburt Penke,gpenkeah,yD3/35GUXLtCHZ<
tgoadeai@jimdo.com,Trans Male,Teresita Goade,tgoadeai,uM3!3LKG9
zcarnsonaj@netlog.com,Genderqueer,Zackariah Carnson,zcarnsonaj,"iM7,jMP80>Vx8"
rurryak@slideshare.net,MTF,Rudy Urry,rurryak,"fG6'(}wH1q""Wi"
lcoppockal@stumbleupon.com,Cis,Lynne Coppock.,lcoppockal,cB4('QA)VipU~/_
aitscowicsam@gizmodo.com,Transsexual,Alyce Itscowics,aitscowicsam,lF3$oC<b7p
jmcgraffinan@aboutads.info,Non-binary,Jarvis McGraffin,jmcgraffinan,hR7)gJl5vjNoxs
tlinkleterao@clickbank.net,Androgyne,Theodore Linkleter,tlinkleterao,cI7?8uN|
cocorrap@creativecommons.org,Cis Woman,Carrol O'Corr,cocorrap,iY0(<~c4K7CB!&L
pjosefovicaq@infoseek.co.jp,Trans,Portia Josefovic,pjosefovicaq,mF2_\PJrGqn817{
amcginleyar@cloudflare.com,Cisgender Male,Augusta McGinley,amcginleyar,hN8%{fO>rYc8&r+
dgilleaseas@salon.com,Cis Man,Damita Gillease,dgilleaseas,iQ4\MsdMf
pcoardat@senate.gov,Trans Person,Pat Coard,pcoardat,"fC8""YK{J2=MG"
bmcdermotau@soup.io,Cisgender Man,Barbi McDermot,bmcdermotau,eO0\mJ=}lj
kmoodycliffeav@simplemachines.org,Cisgender Woman,Krissie Moodycliffe,kmoodycliffeav,zM0<FMGovB9Z8>D
rdeaw@macromedia.com,Cisgender Male,Ryun De Bruin,rdeaw,fH1*k`NZ3Vqh.&
jheissax@com.com,Cis Woman,Jay Heiss,jheissax,qU1/$KDajj/9
fsteedmanay@sciencedaily.com,MTF,Frants Steedman,fsteedmanay,oR0~%591|!
sdeaz@goo.ne.jp,Transgender,Susette De Paoli,sdeaz,"bD0.0N$60s8""'1"
mmacgorleyb0@latimes.com,Trans Woman,Mendel MacGorley,mmacgorleyb0,jO7+p>pUeO2+1
lhatchettb1@harvard.edu,Transgender Female,Leonanie Hatchett,lhatchettb1,bH7}5Pcjdh&`
pcalabryb2@istockphoto.com,Gender Questioning,Pietro Calabry,pcalabryb2,jW9%%?%!
kclarisb3@netlog.com,Cisgender Female,Kissiah Claris,kclarisb3,"nM8+{WrBCdTS,k}"
hslobomb4@shinystat.com,FTM,Harriet Slobom,hslobomb4,lV6/'gV<_0*O
mproudloveb5@archive.org,Transgender Female,Matilda Proudlove,mproudloveb5,eN8`Oky=wE
vpaszekb6@npr.org,Transgender Female,Vladimir Paszek,vpaszekb6,fB4%#\`J8B.')?r
rduigenanb7@state.tx.us,Cisgender Man,Raymond Duigenan,rduigenanb7,kU0.+zG@Z
dminerdob8@springer.com,Transsexual Man,Douglass Minerdo,dminerdob8,"sI1#h.IZ1"""
gwakemanb9@chronoengine.com,Transsexual Person,Gisella Wakeman,gwakemanb9,lU8=fnN\hm0
marnaudba@ed.gov,Cisgender Male,Maighdiln Arnaud,marnaudba,"gH0,c?Gge"
tkerblerbb@sbwire.com,Pangender,Terra Kerbler,tkerblerbb,"eA7}/(w~7I!b%,?"
callabartonbc@flickr.com,Androgynous,Cinda Allabarton,callabartonbc,aS3'DjB1
dstansfieldbd@vk.com,Cis Man,Drugi Stansfield,dstansfieldbd,bE1{zh.yl.R
scongravebe@illinois.edu,Cisgender Woman,Shandie Congrave,scongravebe,"gW3""o'!VI"
kfairneybf@gmpg.org,Cisgender,Kimbell Fairney,kfairneybf,jZ4%j_d)5$jB
lvickersbg@un.org,Neutrois,Lolita Vickers,lvickersbg,"nI6}L"">i+B"
sfullerbh@wikimedia.org,Cis Man,Sibbie Fuller,sfullerbh,"dN2+9\7E2Ku,a$g="
jvinnickbi@flickr.com,Cis Male,Jerrilee Vinnick,jvinnickbi,aJ5/R9p#
cpolkinghornebj@patch.com,Transgender Man,Cesya Polkinghorne,cpolkinghornebj,tD4'ncwarw=
kmccurleybk@qq.com,Cis Woman,Kristien McCurley,kmccurleybk,lE6`ct%&/7F9q6l
asaltersbl@is.gd,Bigender,Adrienne Salters,asaltersbl,cJ7+?z6X%70r?Zv!
bcluneybm@freewebs.com,Bigender,Bess Cluney,bcluneybm,uS0<nr`{{}q}
ifrancombbn@t.co,Other,Ileana Francomb,ifrancombbn,lZ0+DM}J%%N
sormebo@cisco.com,Cis Woman,Selie Orme,sormebo,uN1>x/svgZ.
ewychbp@sphinn.com,Androgyne,Eamon Wych,ewychbp,dO5%OSRa
amarciskewskibq@cpanel.net,Transgender Male,Aylmar Marciskewski,amarciskewskibq,pR6{7WbKJH$ys
scarlonbr@cnet.com,Gender Variant,Sara Carlon,scarlonbr,hQ7$#2!Z\C~/z
markleybs@hostgator.com,Transfeminine,Melvyn Arkley,markleybs,yP9@h.G6X
espurrettbt@1und1.de,Cis,Emyle Spurrett,espurrettbt,"eN8{""Y9hK!tzi"
hgeorgelinbu@webs.com,Androgynous,Hyacintha Georgelin,hgeorgelinbu,"xL2""9D<Bc%vV3x"
naujouanetbv@prweb.com,Transsexual Female,Neille Aujouanet,naujouanetbv,aV8{n$eFbmIA
mvilliersbw@buzzfeed.com,Transsexual Female,Maryann Villiers,mvilliersbw,tW8?i7P2>Xd\`
cscrannagebx@disqus.com,Neutrois,Clint Scrannage,cscrannagebx,"hD9$""COla{o9O"
sbuckstonby@npr.org,Androgynous,Siouxie Buckston,sbuckstonby,vU2?EZN>$I18olP(
cwoffendenbz@weather.com,Trans Person,Cindee Woffenden,cwoffendenbz,vU9_H&d_0m4
oprogerc0@soup.io,Trans Woman,Onida Proger,oprogerc0,jI7%Pt>V=d+3}3a=
ereadyc1@economist.com,MTF,Eddie Ready,ereadyc1,lR7!?%k4C3Ayy
gdolemanc2@usnews.com,FTM,Guilbert Doleman,gdolemanc2,dL7|3pMs
esandwithc3@123-reg.co.uk,Cisgender Woman,Erny Sandwith,esandwithc3,"sA2.fhQ""~dDQPeP"
bkaasc4@geocities.jp,Agender,Boonie Kaas,bkaasc4,nL1|EO3e1}DTZr
lbinerc5@elegantthemes.com,Gender Fluid,Lexis Biner,lbinerc5,wH3@+oS<=Bo
okingswoodec6@163.com,Gender Fluid,Ora Kingswoode,okingswoodec6,vF9+bv6LbZ
fmacdirmidc7@fda.gov,Transsexual Man,Fons MacDirmid,fmacdirmidc7,"dJ7,usTEW"
jfromontc8@europa.eu,Transsexual,Jacky Fromont,jfromontc8,"sL6,fCH7Q}E,3>cf"
kskittrallc9@sun.com,Gender Variant,Karin Skittrall,kskittrallc9,dV6`.q_(g?J*lrW
lcorbinca@pbs.org,Female to Male,Leeann Corbin,lcorbinca,"nE7}+<lOcS.IMb""k"
tborsnallcb@marriott.com,Other,Trixi Borsnall,tborsnallcb,gX4{/)8&p@
tsteeplescc@freewebs.com,Gender Nonconforming,Trudie Steeples,tsteeplescc,aQ9+g*vFNn_uaq
rcockarillcd@dot.gov,Trans,Randal Cockarill,rcockarillcd,eE7%Y4YSy
hgrogce@bigcartel.com,Intersex,Honoria Grog,hgrogce,xB5%u=mi=P)|aT
ghammillcf@topsy.com,Pangender,Gale Hammill,ghammillcf,fV3\BGcXzURo
hbrittencg@yellowbook.com,Cis,Hallsy Britten,hbrittencg,rU4>pEC{@
ddomanekch@xing.com,Transgender Male,Dav Domanek,ddomanekch,kI7}+3i($}nC
ohamblingci@washington.edu,Cis Woman,Orazio Hambling,ohamblingci,gF2}q''AKN9?wH+
cdaintithcj@washingtonpost.com,Cisgender Woman,Claiborn Daintith,cdaintithcj,gR0)lsH/*4*a1\
ahitchensck@rediff.com,Transgender Man,Arabelle Hitchens,ahitchensck,hC3'AF~sn4{~{
rgilbanecl@altervista.org,Trans Man,Rasla Gilbane,rgilbanecl,gV6{zaY!
grumblecm@zimbio.com,Trans Woman,Gannie Rumble,grumblecm,"kZ7=lDLuRS<tv,"
lantatcn@walmart.com,Bigender,Leda Antat,lantatcn,qX6'OJ6!B}<h
ttowneco@squarespace.com,Trans Female,Tammy Towne,ttowneco,dT3&H(omSxTyL
ibartropcp@edublogs.org,Transsexual Male,Ilario Bartrop,ibartropcp,bW9>B4PmpkU_
rberkerycq@google.co.jp,Gender Fluid,Rhetta Berkery,rberkerycq,rR7!wpH@0qr
bbattycr@jalbum.net,Transgender Woman,Bonita Batty,bbattycr,sK2#aVI_hR*
dprichetcs@livejournal.com,Male to Female,Dulcie Prichet,dprichetcs,wO3!sJFto')86w
pbortolettict@walmart.com,Cisgender Woman,Pancho Bortoletti,pbortolettict,aJ2+!`@Tm
abamellcu@xrea.com,Transgender Person,Ashil Bamell,abamellcu,sG6{0+!N`+(uUnVQ
fautiecv@fema.gov,Gender Questioning,Finn Autie,fautiecv,cH4!b\|3|dJ
dhamalcw@list-manage.com,Gender Nonconforming,Dolph Hamal,dhamalcw,sW3#/TGofO
lhuwscx@ycombinator.com,Trans Man,Lenora Huws,lhuwscx,iT2`B'W)
ssinfieldcy@live.com,FTM,Stavros Sinfield,ssinfieldcy,"sD5\f}qsKCU2},w"
obeamisscz@ucoz.ru,Gender Nonconforming,Ogden Beamiss,obeamisscz,"fQ4+Tn#@K31o2N,t"
acarnihand0@wunderground.com,Gender Nonconforming,Alex Carnihan,acarnihand0,gM2`QBZs/(uJV
ajennickd1@mapquest.com,Neither,Angy Jennick,ajennickd1,gQ1`I*hz
sbrokd2@dell.com,Cis Man,Shayla Brok,sbrokd2,dL7}ThrqH$m
jgrzegorekd3@dedecms.com,Pangender,Josephina Grzegorek,jgrzegorekd3,zG8'%6Uf*Pdrad
mstollenbeckd4@merriam-webster.com,Cisgender Man,Mirabelle Stollenbeck,mstollenbeckd4,iP3|`zz.4FR?p.
bnellend5@arstechnica.com,Androgyne,Baxie Nellen,bnellend5,"zB8&8JA,"
pkelwickd6@shutterfly.com,Pangender,Patton Kelwick,pkelwickd6,xH2`6dG$.$
mocridigand7@toplist.cz,Neutrois,Meggy O'Cridigan,mocridigand7,yH0$Z@0+
npingstoned8@diigo.com,Cisgender Woman,Norman Pingstone,npingstoned8,hA9'>uav*GF<
fpaffotd9@illinois.edu,Trans Person,Filide Paffot,fpaffotd9,"hP3{k,o{"
gblanchda@printfriendly.com,Trans Person,Gaby Blanch,gblanchda,cR6<Fq0w
fhollyarddb@merriam-webster.com,Agender,Frederick Hollyard,fhollyarddb,tA5)`$OO0kqU
iskipdc@odnoklassniki.ru,Cisgender,Ignatius Skip,iskipdc,gT0\=Xj$/
wjeffesdd@pen.io,Genderqueer,Winifield Jeffes,wjeffesdd,"zV8|`,c'34~OYT"
himlochde@sbwire.com,Pangender,Herb Imloch,himlochde,"aS1>9nsZ|E,&q!f6"
bsnookesdf@studiopress.com,Cisgender Man,Brien Snookes,bsnookesdf,"bA4,vXIhG8d/"
pannelldg@bigcartel.com,Two-Spirit,Patsy Annell,pannelldg,jK2.142{uGOT
mshoobridgedh@comsenz.com,Cis Female,Mar Shoobridge,mshoobridgedh,aH2?=b@2
tcheckleydi@examiner.com,Transgender Person,Teddi Checkley,tcheckleydi,"gA2""wImz`$"
gartondj@cafepress.com,Transfeminine,Gianina Arton,gartondj,uM0=&eJI._r)_%
kblakesleedk@chicagotribune.com,Trans Male,Karlene Blakeslee,kblakesleedk,kS7)mAzuEY
emacgowndl@flavors.me,Cisgender,Elton MacGown,emacgowndl,cP6&\7i\
dclarabutdm@toplist.cz,Trans Man,Dagmar Clarabut,dclarabutdm,tB0|{C+zn0@DT
kfranklingdn@tiny.cc,Trans,Kellen Frankling,kfranklingdn,"qP6""a),B1J{~9>J"
aarnaudido@tamu.edu,Agender,Anita Arnaudi,aarnaudido,aE2@j=YK1O
fhollibonedp@digg.com,Cis Female,Fair Hollibone,fhollibonedp,sM0.&8@3h1NWW2Rm
fbernaldodq@w3.org,Transsexual,Forrest Bernaldo,fbernaldodq,tN7)DReDyo}
ekalldr@sohu.com,Transgender Man,Esta Kall,ekalldr,eL1/z*+4s/
cmylesds@walmart.com,Cisgender Man,Conrado Myles,cmylesds,bK7_lS~jXE)8Bors
rsellensdt@wunderground.com,Gender Nonconforming,Ruthanne Sellens,rsellensdt,fP7!UA*/G
dperigoedu@nature.com,Neutrois,Duffie Perigoe,dperigoedu,qS4'B@Hvcyi\s{
rhenrysdv@sciencedirect.com,Transsexual Male,Riordan Henrys,rhenrysdv,"yV6?)0P9,h+"
vboylandw@myspace.com,Transfeminine,Veronika Boylan,vboylandw,cL3'yGB{
ksyddiedx@pen.io,Androgyne,Kaia Syddie,ksyddiedx,sI3+$ax&QZ
ebagleydy@phpbb.com,Cisgender Woman,Eddie Bagley,ebagleydy,cI5(q`f'e2\Wh
wpiggottdz@cornell.edu,Trans Person,Winfred Piggott,wpiggottdz,mP6+/o?#&p=#<YX}
sstearndalee0@vimeo.com,Other,Sanson Stearndale,sstearndalee0,"cE8_lu*j""KP'wC$"
zlentee1@pcworld.com,Transgender Female,Zarah Lente,zlentee1,iI1`@S2\eLmz>n8
ugrimoldbye2@etsy.com,Neutrois,Uri Grimoldby,ugrimoldbye2,eA8'GfhCdm57
smcgille3@goodreads.com,MTF,Salvatore McGill,smcgille3,"eF6*/NAct|1""D"
nlewsiee4@sakura.ne.jp,Two-Spirit,Nicoline Lewsie,nlewsiee4,rS0`_pI<PZdF
acunnelle5@guardian.co.uk,Transgender,Anjela Cunnell,acunnelle5,"iJ1=3\aJR,"
msmalecombee6@phpbb.com,Transfeminine,Marj Smalecombe,msmalecombee6,vW6!fZFo
aayrse7@yahoo.com,Transgender Person,Atalanta Ayrs,aayrse7,xY3#K\vV}b5
ebrettore8@uol.com.br,Transsexual Woman,Elisabet Brettor,ebrettore8,"uA5{KOz`L&/,y"
bcracee9@wordpress.org,Transsexual Woman,Bernardine Crace,bcracee9,"pJ4&ww,g'Nvy"
cbaslerea@nifty.com,Cisgender,Concordia Basler,cbaslerea,yN3%{X7eUCm
msevitteb@mozilla.com,Transgender Female,Maressa Sevitt,msevitteb,nN0}+=NlQ=FO|Vc+
pserridgeec@mozilla.org,Pangender,Pearline Serridge,pserridgeec,"pZ5/5mPE`,A8x}?"
wmeckiffed@tinypic.com,Transsexual Man,Wolfy Meckiff,wmeckiffed,qV9=6yfr)
lbardillee@ucla.edu,Transsexual Man,Lee Bardill,lbardillee,wN3{41aGgtR_&@
orosieef@adobe.com,Pangender,Othilia Rosie,orosieef,qO8'My3Z<XP`M
menstoneeg@canalblog.com,Cis Male,Marieann Enstone,menstoneeg,nD3.=t/X&z`010X
kbenckeh@rediff.com,MTF,Kai Benck,kbenckeh,jH5|#7j(L
kschultzei@wikimedia.org,Transgender Woman,Kory Schultz,kschultzei,wR5#Sa<Gu7FFz{
obaldickej@discovery.com,Pangender,Orsola Baldick,obaldickej,cV9=})t6@$Ko0
matwoolek@xinhuanet.com,Transsexual Female,Michale Atwool,matwoolek,lN9&E$0gp|LD.'
njarmynel@furl.net,Cis Man,Nari Jarmyn,njarmynel,qJ4'?N%3cZj
dmogeyem@unc.edu,Trans Male,Dicky Mogey,dmogeyem,qW0.>5xshnkY9t
phuddlesen@studiopress.com,Trans Male,Philippe Huddles,phuddlesen,wP1|Pi!Uhn
emarcqeo@trellian.com,Gender Questioning,Eran Marcq,emarcqeo,eQ5+&FuuN(
alambertoep@google.de,Trans Person,Aldwin Lamberto,alambertoep,sN1\Hp8PCd0#2o?s
drosonieq@google.co.jp,Cisgender Woman,Devy Rosoni,drosonieq,kU3#AjG+~!OQ.3>
kburriser@php.net,Trans,Kellen Burris,kburriser,rB0|1\y>44@!CnD
lquinceyes@simplemachines.org,Trans Person,Lancelot Quincey,lquinceyes,pC0+{i}6y?R%cC.
jstannardet@sbwire.com,Transsexual Female,Johannah Stannard,jstannardet,wO7_8z}j'(Gr
aholhouseeu@geocities.com,Neither,Agace Holhouse,aholhouseeu,dF5~pFHdG<7|E*
gcoppingev@jugem.jp,Genderqueer,Guillemette Copping,gcoppingev,cS9>$!&p``PbaL
btugwellew@spiegel.de,Trans Male,Brien Tugwell,btugwellew,pW3)PG3>B.z(}R1G
smitchenerex@netscape.com,Pangender,Shel Mitchener,smitchenerex,mS3'RMsPZJThe/
sjennawayey@dmoz.org,Bigender,Sayers Jennaway,sjennawayey,tF5<lHRM#
lgilliseez@nymag.com,Neither,Lorne Gillise,lgilliseez,wD6)=cE'V
tscoffhamf0@usda.gov,Transsexual Man,Torrey Scoffham,tscoffhamf0,kI6`.TRK\
apiperf1@alibaba.com,Agender,Arvin Piper,apiperf1,kY9!R)v$SC({?6
vveldef2@prweb.com,Transgender Male,Vikky Velde,vveldef2,tR1})fkI0'bH!
lnealeyf3@pagesperso-orange.fr,Cis,Lilllie Nealey,lnealeyf3,zE3#R|yH
kneeshamf4@sun.com,Cis Woman,Kelly Neesham,kneeshamf4,dK8+#f<m43J%V
dbamberyf5@toplist.cz,Other,Dinnie Bambery,dbamberyf5,"mO6|%*'o$GQj,R"
iwolfindalef6@hhs.gov,Cis Male,Isidore Wolfindale,iwolfindalef6,xC2#nkf{v
jgellierf7@admin.ch,Agender,Jermaine Gellier,jgellierf7,kZ2%2KG3+
atrusef8@dot.gov,Transgender Female,Archer Truse,atrusef8,qM5\qR4uJ5$
gdef9@bbb.org,Cisgender,Garrott De Andisie,gdef9,eQ1+oyznKk'R05
ghackettfa@icq.com,Agender,Gabriel Hackett,ghackettfa,"bK6=BQ}8U0""PA2d"
tpeterkinfb@howstuffworks.com,Transsexual Male,Tarrance Peterkin,tpeterkinfb,"cI8~n,+x.A"
hfreebernefc@instagram.com,Other,Heinrik Freeberne,hfreebernefc,bS0~jChfIe)Y{@*A
gcreddonfd@t-online.de,Trans Man,Greta Creddon,gcreddonfd,"eK1%{JSz""o\P"
rdefe@comsenz.com,Trans,Rebekah De Beneditti,rdefe,eX8.2A(R'89h
nscardff@xing.com,Cis Man,Noach Scard,nscardff,yP5#nYaSJsF$
wodeveyfg@webs.com,Cis Man,Winny O'Devey,wodeveyfg,"oD6/yj2KJ,u\J"
isalthousefh@ucoz.com,Cisgender Man,Isak Salthouse,isalthousefh,lY2_.IT9.
rnorthamfi@illinois.edu,Transsexual Woman,Rhianon Northam,rnorthamfi,nR4<))hF+
rchalicefj@techcrunch.com,Androgynous,Roxane Chalice,rchalicefj,kY0_>ekuY6I\1F<
acutbirthfk@51.la,Transsexual,Auberta Cutbirth,acutbirthfk,vZ9+PXyd+
rwalkingtonfl@webs.com,Transgender Woman,Reeba Walkington,rwalkingtonfl,jA6/PorNkL&}bGo
ngrimolbiefm@ucla.edu,Pangender,Napoleon Grimolbie,ngrimolbiefm,wM2)A=<E
clandorfn@goodreads.com,Neutrois,Cody Landor,clandorfn,bV3$hxvTr
aarmittfo@qq.com,Trans Man,Auria Armitt,aarmittfo,pV4*Y.9G`li@2
askewisfp@cmu.edu,Cis Woman,Adelheid Skewis,askewisfp,"cJ0?cJ}Q>""d\CS"
bhoudmontfq@unc.edu,Transgender Woman,Breanne Houdmont,bhoudmontfq,uB8(P@q=>D
wstaddomfr@surveymonkey.com,Bigender,Wesley Staddom,wstaddomfr,fM2+L8P{Y
idraxfordfs@livejournal.com,Gender Variant,Idalia Draxford,idraxfordfs,pA9/=0U3.Z__dA
lmulchroneft@thetimes.co.uk,FTM,Lou Mulchrone,lmulchroneft,bX4&3YtXcT#e
ogreensteadfu@sitemeter.com,Cisgender Female,Othello Greenstead,ogreensteadfu,mK9>}+r?PW&k\
coldreyfv@free.fr,Cisgender Male,Christina Oldrey,coldreyfv,vI0`0D&i
lconstancefw@barnesandnoble.com,Cisgender Woman,Lon Constance,lconstancefw,qE4#%UcIyLm8B!r
asongistfx@census.gov,Transgender Person,Annie Songist,asongistfx,sH2+RXG{b.4bH
npaunsfordfy@cam.ac.uk,Neither,Neille Paunsford,npaunsfordfy,yS5&m($%F!S40
ikunafz@ucsd.edu,Gender Fluid,Ikey Kuna,ikunafz,"aF9##J/(Hu,i"
cdimbylowg0@illinois.edu,Transgender Man,Celina Dimbylow,cdimbylowg0,xF9@v_5b+
rredmellg1@addtoany.com,Transgender Female,Ripley Redmell,rredmellg1,dO9<unN4v~j2
eizatg2@live.com,Androgynous,Elnora Izat,eizatg2,eA8.\i{VO/V
akenwayg3@usda.gov,Agender,Anderson Kenway,akenwayg3,"bU7,=TNF5YC$B"
fjacopg4@wikia.com,Transsexual,Fons Jacop,fjacopg4,kM9=%(U9s(_
ggoodingg5@uiuc.edu,Trans Female,Gillian Gooding,ggoodingg5,"oB8)62SR<L0,+K"
csurrg6@auda.org.au,Cis,Courtney Surr,csurrg6,vD9_`LJD>nNpzLW/
mdablingg7@theatlantic.com,Transmasculine,Manda Dabling,mdablingg7,eJ8@EJQ+%x
sanfreyg8@biglobe.ne.jp,Trans Person,Saw Anfrey,sanfreyg8,cI6.3c3zaU{~
dturleyg9@marketwatch.com,Genderqueer,Darnall Turley,dturleyg9,jY5&hMtZL`BW
bdemannga@ucla.edu,Cis,Beverlie Demann,bdemannga,vS0.+Xuw=$
gcardusgb@histats.com,Transgender Person,Gabriela Cardus,gcardusgb,aE9=)<oe>9
sdagc@list-manage.com,Cisgender Female,Sheryl Da Costa,sdagc,aJ1!J(hv
hshoorbrookegd@ibm.com,Gender Questioning,Hollie Shoorbrooke,hshoorbrookegd,oG1&vLDUV
gbettamge@topsy.com,Androgynous,Gwenni Bettam,gbettamge,"pN3(3`z>LQgK(,"
murreygf@plala.or.jp,Transgender Person,Malachi Urrey,murreygf,hL4`QA0p
aharbackgg@fda.gov,FTM,Anselm Harback,aharbackgg,kK7+|kDKC
sbatongh@hubpages.com,Cisgender Male,Sosanna Baton,sbatongh,"cS8|+lC,U"
umarriongi@deliciousdays.com,Cisgender,Urson Marrion,umarriongi,gW5&V\MhXiN
tcoffeygj@soup.io,Gender Fluid,Tammy Coffey,tcoffeygj,tR9|>tI0OEPX
mogk@tumblr.com,Transmasculine,Melinde O' Driscoll,mogk,rU0@cd3B@.O4(s
jsnaddengl@yellowbook.com,Bigender,Jyoti Snadden,jsnaddengl,uP7+EMz#E
rfrankengm@fda.gov,Transsexual Female,Randolf Franken,rfrankengm,"zS4~=e8akK|(q<""L"
bodalygn@altervista.org,Neither,Bing O'Daly,bodalygn,"uV7$eU""~W{HLCkAq"
gjacquemotgo@nih.gov,Pangender,Garnet Jacquemot,gjacquemotgo,gP8/dD?|x98#|i0
ldaethgp@reddit.com,Intersex,Liesa D'Aeth,ldaethgp,lP5<G~LWRQTaL81
rchottygq@wikia.com,Trans Male,Ray Chotty,rchottygq,gG1)8ZZ!(L9H2Hn
lsharpingr@networkadvertising.org,Transsexual Female,Lynnet Sharpin,lsharpingr,lI2*bf|{X
lgaskgs@nature.com,Agender,Lowell Gask,lgaskgs,mE7+oS>v7!$_C|
jcowapgt@bing.com,Cis Man,Jonie Cowap,jcowapgt,fN2/bkD3!vtNL
iberthongu@nyu.edu,Transsexual,Imogen Berthon,iberthongu,kF6\qbvW6g$
oreimergv@alibaba.com,Trans Male,Oralia Reimer,oreimergv,oZ5)/+rNkg($K
ldeemgw@redcross.org,Transgender Female,Lilyan Deem,ldeemgw,qO6@2bCYhRB
jgoodboddygx@github.com,Gender Fluid,Jolynn Goodboddy,jgoodboddygx,"oW6,@s<WuBfo2I"""
skeppygy@deviantart.com,Cis Woman,Susie Keppy,skeppygy,dA7\Ygr@Txi.Y
bbrosigz@hexun.com,Male to Female,Berny Brosi,bbrosigz,cQ8|ht/d.h#|pj
abraneh0@last.fm,Other,Aylmar Brane,abraneh0,mZ5+tPA>VM
bgooddayh1@w3.org,Transgender Woman,Berky Goodday,bgooddayh1,rX2#0w'k5
wmatuszewskih2@slashdot.org,Androgyne,Willetta Matuszewski,wmatuszewskih2,mC2'vB9.
aduchatelh3@alibaba.com,Transsexual Male,Aldrich Duchatel,aduchatelh3,gX2?.EF'x
dblenkinshiph4@discovery.com,Neutrois,Dionysus Blenkinship,dblenkinshiph4,"uB2>'/<c*""vq"
dlaffoleylaneh5@yahoo.com,MTF,Denny Laffoley-Lane,dlaffoleylaneh5,hD9_fng|rvWc3
ierrigoh6@webnode.com,Transsexual Person,Iona Errigo,ierrigoh6,"dW4},eP@!k"
jsummersonh7@prweb.com,Transgender Man,Jsandye Summerson,jsummersonh7,qQ1_wGJ=HedxH7
lmcarteh8@scribd.com,MTF,Luce McArte,lmcarteh8,lL3>%j94AH(p
dpinhornh9@skype.com,Cisgender,Darline Pinhorn,dpinhornh9,"zT7.""~Lz_lw{"
mglasserha@discovery.com,Androgynous,Melony Glasser,mglasserha,sW5`15{Vhi
fivanovichb@jigsy.com,Intersex,Francois Ivanovic,fivanovichb,"lM1""m{K""aN}ET"
rpyotthc@taobao.com,Transgender Male,Rhianon Pyott,rpyotthc,rS7?q@vW_YE770q9
ssesserhd@cpanel.net,Transsexual Male,Sigismundo Sesser,ssesserhd,"yS8+>,F+#|f{\t"
hpaikhe@behance.net,Transgender Female,Haywood Paik,hpaikhe,zF9*!bG|g5
dkellehf@state.gov,Transmasculine,Desmond Kelle,dkellehf,fQ1*X2&lxXU0WgE0
aschopshg@lulu.com,Gender Nonconforming,Angelico Schops,aschopshg,pU8}uSSVX
fnowlandhh@fc2.com,Cisgender Woman,Forster Nowland,fnowlandhh,"cM1!w,5M%"
kbealeshi@illinois.edu,Cisgender Man,Kelley Beales,kbealeshi,"oS1\t+e2#"""
kevasonhj@php.net,Transsexual Female,Koo Evason,kevasonhj,jV4/@p26K=MYd?`
kcheesemanhk@booking.com,Gender Questioning,Kristoffer Cheeseman,kcheesemanhk,nE5.4m6A
lschabenhl@wufoo.com,Cis Man,Lynette Schaben,lschabenhl,gB0>i\Gd\>kk`
pleechhm@yolasite.com,Genderqueer,Patience Leech,pleechhm,"oV9_*vVA_W0|h?,G"
dtitcomhn@google.it,Transsexual Woman,Dyan Titcom,dtitcomhn,kF2*Mq?x
bjinkinho@zimbio.com,Cis,Bastien Jinkin,bjinkinho,cD6_a/S7)\'$E}
bmactaguehp@instagram.com,Trans Man,Bobette MacTague,bmactaguehp,vD6=TK~W
ttimsonhq@nytimes.com,Transsexual Man,Terri Timson,ttimsonhq,"lJ3,*/*\3(Gf4S!2"
lfolgerhr@paypal.com,Transsexual Female,Leticia Folger,lfolgerhr,vT0(<WY6pe>
croylhs@over-blog.com,Agender,Chryste Royl,croylhs,qQ1&I*XGm_\zO
probbekeht@facebook.com,Transsexual Male,Pall Robbeke,probbekeht,fO7>$kdu
apallatinahu@answers.com,Cis Man,Ardra Pallatina,apallatinahu,xU4>GED}qsXToW{
ykilbeehv@merriam-webster.com,Female to Male,Yolanda Kilbee,ykilbeehv,"hZ7*2=295J/&,,>1"
mbunworthhw@com.com,Transsexual Man,Maryjane Bunworth,mbunworthhw,pV9(}fCn_z
rdemelthx@techcrunch.com,Transsexual Male,Rowney Demelt,rdemelthx,yJ6*f)ftsKbr.s*!
btollithy@deliciousdays.com,Gender Questioning,Boigie Tollit,btollithy,tH8#N~5$
orisinghz@abc.net.au,Cis,Orelle Rising,orisinghz,pT1}'g#qik%V
tgoaksi0@icq.com,Trans Man,Thedrick Goaks,tgoaksi0,mA1$Am$Aa9ZiGS
ikohneni1@people.com.cn,Trans,Ives Kohnen,ikohneni1,eP7$j`3?G9>SVq.
sdarkotti2@un.org,Neutrois,Susanetta Darkott,sdarkotti2,mV5)MlER>J
zwebsdalei3@vkontakte.ru,Transfeminine,Zora Websdale,zwebsdalei3,fP1}i<j?3_qwd7J
dflintoffei4@mysql.com,Transfeminine,Dian Flintoffe,dflintoffei4,"iC9`4J}&,\e"
rvani5@technorati.com,Gender Questioning,Robbin Van Brug,rvani5,wU3>47+bIYI9f\G
aspurnieri6@msn.com,Gender Variant,Antone Spurnier,aspurnieri6,lD2$izw&4G>EW9`
fpatriei7@amazon.co.jp,Cisgender Man,Ferdie Patrie,fpatriei7,uI7%%itG+l
edahmeli8@hhs.gov,Intersex,Elisabeth Dahmel,edahmeli8,fD1+u?'+!d9yZ%
vscrivinori9@bloomberg.com,Bigender,Valle Scrivinor,vscrivinori9,wY1*q'iKZh
lvinsonia@vkontakte.ru,Intersex,Lettie Vinson,lvinsonia,iM4&rR*r#0}
gprimroseib@mozilla.com,Transsexual Woman,Gloriane Primrose,gprimroseib,nU6~5sO_N$K&2|
lespinelic@biblegateway.com,Female to Male,Loutitia Espinel,lespinelic,rY1.af4YZl
sbrydellid@joomla.org,Transsexual Female,Syman Brydell,sbrydellid,qP1(RW.Vn7cbJl
hcoonie@constantcontact.com,Transgender Female,Heriberto Coon,hcoonie,sS3~>=xc37(zQ)
bgillanif@nifty.com,Cisgender Woman,Bradney Gillan,bgillanif,"fU0""{v'Ge0%9fi"
ccalderaig@chronoengine.com,Transsexual,Charlotta Caldera,ccalderaig,iX8(jQDP>U&
cspurdonih@microsoft.com,Androgyne,Cheston Spurdon,cspurdonih,nN5_|`vkgvve
sfritchlyii@fastcompany.com,Transgender Male,Shaina Fritchly,sfritchlyii,pP1{ixp$scW
cmarkieij@google.com.au,Intersex,Carroll Markie,cmarkieij,yA5?ghl#'MFP
sselwayik@google.ru,Androgynous,Sharyl Selway,sselwayik,uW7<NJ<9JotsaU(o
rmarcroftil@about.me,FTM,Rebbecca Marcroft,rmarcroftil,sM2{$BgP>S
nouterbridgeim@example.com,Transgender Woman,Noella Outerbridge,nouterbridgeim,xK2~fL%RJ
hheatliein@who.int,Neither,Hercules Heatlie,hheatliein,yC3'oSq`
nmateiio@github.com,Female to Male,Nowell Matei,nmateiio,vZ2<#BwQlVA<
sstainlandip@jalbum.net,Trans Person,Stephanus Stainland,sstainlandip,dR3?w!?dowV7?
mdenshamiq@auda.org.au,Transgender,Mickie Densham,mdenshamiq,"dK0>""k+M"
fbrewerir@unesco.org,Neither,Filbert Brewer,fbrewerir,tU8<j)8zs(
kcholdcroftis@deviantart.com,Cis Man,Kelci Choldcroft,kcholdcroftis,iM7\.jO==#
cfoottitit@admin.ch,Trans Person,Candice Foottit,cfoottitit,xV8~ZW9CW=vDtY
fblazeyiu@ihg.com,Female to Male,Freddy Blazey,fblazeyiu,cI6(%mFMQLCOk7eI
fcrosiiv@hugedomains.com,Transgender Person,Filippa Crosi,fcrosiiv,vO8&WTeEp8Q+bH
kvernaiw@sohu.com,Genderqueer,Kyle Verna,kvernaiw,aG6<ys6<
itatersaleix@simplemachines.org,Transgender Person,Inesita Tatersale,itatersaleix,xQ5<Sh@C*6'eN
bhurlestoneiy@youtube.com,Genderqueer,Brose Hurlestone,bhurlestoneiy,"yP9+QS!|D""%G"
gbeiniz@boston.com,Transsexual Person,Gusella Bein,gbeiniz,"dF1?%Sj}~MM}""j"
elafontainej0@jalbum.net,Transsexual,Ephrem Lafontaine,elafontainej0,aP8'LBOhl
rhaywardj1@paginegialle.it,Genderqueer,Roxine Hayward,rhaywardj1,wJ3$EIlj
gslesserj2@cbsnews.com,Gender Questioning,Geralda Slesser,gslesserj2,gO4=%|/RER_X1
msiggej3@123-reg.co.uk,Female to Male,Mayer Sigge,msiggej3,uC9.KcCq='uF
kchristenej4@alibaba.com,Transgender Male,Karon Christene,kchristenej4,fP5|.fsti#
mhedgecockj5@freewebs.com,Transgender Person,Marlene Hedgecock,mhedgecockj5,"yZ6#uj3/""fR"
kjobbingj6@jalbum.net,Gender Fluid,Ki Jobbing,kjobbingj6,hT9+bWBH35VRs
zshevelsj7@artisteer.com,Transgender Man,Zabrina Shevels,zshevelsj7,"dP6!i*"">K,n"
hcrosherj8@auda.org.au,Transsexual,Harlin Crosher,hcrosherj8,lZ7?T#*Z8MQz_+
efrizellj9@e-recht24.de,Trans Man,Erny Frizell,efrizellj9,hQ3%OF&%0/$N
fgauchierja@kickstarter.com,Transgender Woman,Francisca Gauchier,fgauchierja,pD1|9!<DIegHz
dkinvanjb@alexa.com,Transsexual Woman,Dal Kinvan,dkinvanjb,nW1_j&&EMqM
lcallisjc@joomla.org,Transsexual Person,Linnell Callis,lcallisjc,rB8_)fPR1r1l|eh
redingtonjd@ovh.net,Trans Man,Rois Edington,redingtonjd,"bR9,Ms,o"
cfenechje@facebook.com,Transgender Man,Cchaddie Fenech,cfenechje,wL5<n!k?iohTZ
rgillilandjf@ebay.com,FTM,Raye Gilliland,rgillilandjf,"nV0"",G{@T7)Y|tZ"
mtownshendjg@youku.com,Non-binary,Marge Townshend,mtownshendjg,"iU6,7#>tx"
lmalkiejh@cornell.edu,Trans Person,Lyon Malkie,lmalkiejh,kF1.l3|8N|ELg
mlindenfeldji@symantec.com,Gender Fluid,Melody Lindenfeld,mlindenfeldji,fY8<!v|ulGT
mleithjj@umich.edu,Cisgender Man,Margaret Leith,mleithjj,"yL2~wo""\7TW"
herwinjk@skype.com,Cis Man,Hagen Erwin,herwinjk,tD9/@cX7'
ddurhamjl@unc.edu,Cis,Debee Durham,ddurhamjl,xW0#J@**py%+WI?U
cnorthwoodjm@amazon.de,Cisgender Female,Carlie Northwood,cnorthwoodjm,"fU0*O{""v{UI/"
rcowlishawjn@parallels.com,Transmasculine,Rachael Cowlishaw,rcowlishawjn,eB6#<NHJ
ccouchjo@usgs.gov,FTM,Carter Couch,ccouchjo,"mC9#,L#VE&#}r"
omeeronjp@seesaa.net,Transsexual Female,Oliy Meeron,omeeronjp,gB9(it{>e%
jcollibearjq@imageshack.us,Androgynous,Jorey Collibear,jcollibearjq,fJ0<>mw~s4k|%HR
pshillakerjr@cbslocal.com,Intersex,Paul Shillaker,pshillakerjr,dT3`eue{`rr%aS(
ehaylorjs@rakuten.co.jp,Gender Questioning,Ethelin Haylor,ehaylorjs,qV9\tBMqE
jjonesjt@dell.com,Bigender,Jobina Jones,jjonesjt,uO1>$vQrB
afurseyju@ox.ac.uk,Androgyne,Augustine Fursey,afurseyju,hS0$gX!ga*ew8<
ysaywoodjv@prlog.org,Androgyne,Yoko Saywood,ysaywoodjv,sF8#cD@O.~CZ
mstearleyjw@free.fr,Male to Female,Mordy Stearley,mstearleyjw,yQ6\HV%x8\
gcalderheadjx@edublogs.org,Cisgender Female,Graeme Calderhead,gcalderheadjx,sE8.R%?YiD'QZ`SE
dkeablejy@g.co,Cis,Darryl Keable,dkeablejy,"xG7,e\z8.jFR7"
epardoejz@home.pl,Transsexual Male,Eustacia Pardoe,epardoejz,"gF1*t1+`U0""=dno"
bguielk0@alibaba.com,Bigender,Brenda Guiel,bguielk0,jB9<h*Op`A~}
ldunnawayk1@buzzfeed.com,Transgender Person,Lynne Dunnaway,ldunnawayk1,kG9+wHb0@8
fhaldink2@pagesperso-orange.fr,Transsexual Male,Ferne Haldin,fhaldink2,aD0<S9Rk>5#V
alindelofk3@rediff.com,FTM,Agosto Lindelof,alindelofk3,uO0=(E12
isummersonk4@nyu.edu,Transgender Woman,Izabel Summerson,isummersonk4,nP1.'WuYNPc8hI1J
mellcomek5@furl.net,Trans Person,Morgun Ellcome,mellcomek5,aE4*E)cQ8Y
gvoakk6@wunderground.com,Cis Woman,Garald Voak,gvoakk6,pX2=7`gjR
bgierhardk7@addthis.com,Trans,Brittaney Gierhard,bgierhardk7,lB1?'3jU#Bi
mbrookziek8@netlog.com,Transsexual Woman,Mick Brookzie,mbrookziek8,"mB3*bj,YW@"
tabrehartk9@phoca.cz,Transsexual Person,Trish Abrehart,tabrehartk9,nY9+s7L+Z8GPZ5cY
lpreslandka@liveinternet.ru,Transsexual Man,Letisha Presland,lpreslandka,zX0}W(\Q&.
rblencowekb@storify.com,Genderqueer,Rudy Blencowe,rblencowekb,rQ5/2a`SY
pclissoldkc@google.it,Two-Spirit,Patric Clissold,pclissoldkc,uN9/*K8P
sgosdenkd@friendfeed.com,Gender Nonconforming,Sari Gosden,sgosdenkd,dB9&Juz$}_EtyR
pstimpsonke@nationalgeographic.com,Transsexual Person,Paula Stimpson,pstimpsonke,"mR5>rK_='ikT,"
cmataninkf@free.fr,FTM,Carmencita Matanin,cmataninkf,oG5%vW?POi
btettersellkg@businessinsider.com,FTM,Bank Tettersell,btettersellkg,tA3($*ld
bshordkh@bbc.co.uk,Neither,Brent Shord,bshordkh,yI3}\Nq.g(e*dL
rmuirheadki@earthlink.net,Cis Woman,Riane Muirhead,rmuirheadki,cQ3~QHQ)stw
lnazaretkj@abc.net.au,Gender Variant,Lesly Nazaret,lnazaretkj,zU8~p8oSMys~m
gvonkk@home.pl,Trans Male,Gloriane von Hagt,gvonkk,uF4(d5@ozA|
glevingkl@amazon.com,Gender Questioning,Godfry Leving,glevingkl,eA3?O~gN
hspenclaykm@google.ru,Neutrois,Hamish Spenclay,hspenclaykm,"pR3~6WO""@KpA#"
cstrongitharmkn@storify.com,Genderqueer,Collen Strongitharm,cstrongitharmkn,wL5/KwyQ}aZ6&wq
espinksko@ning.com,Transfeminine,Essy Spinks,espinksko,wG8+PwAGU
mmarxsenkp@fda.gov,Gender Questioning,Meagan Marxsen,mmarxsenkp,uU0+7~)_WEKvF
clipscombkq@slideshare.net,Transsexual Person,Clyve Lipscomb,clipscombkq,dL1_6eX#=ntAWT=
jcoatekr@china.com.cn,Transsexual Woman,Jae Coate,jcoatekr,fX5%YOr2
ejeffcoateks@ovh.net,Intersex,Elly Jeffcoate,ejeffcoateks,eT8.9f34\
ecottisfordkt@shop-pro.jp,Cis Woman,Eliza Cottisford,ecottisfordkt,xC8=pI|L
csendleyku@ocn.ne.jp,Intersex,Cosetta Sendley,csendleyku,"cF4~)""MEJ/k7h"
mwarfieldkv@gov.uk,Cisgender,Marya Warfield,mwarfieldkv,yR0<g=(H{a
slyngstedkw@is.gd,Cisgender Male,Salli Lyngsted,slyngstedkw,"jU5/""EmDPM{Wp"
amadocjoneskx@artisteer.com,Cis Female,Akim Madoc-Jones,amadocjoneskx,lQ6}8KZ)
bmattingleyky@blogs.com,Cis Female,Bride Mattingley,bmattingleyky,"hB2,F{/eE~oWmj"
acapaldokz@washington.edu,FTM,Alicia Capaldo,acapaldokz,tY5/5dRZPK1Q{9v8
relstonl0@mediafire.com,Cisgender Woman,Ryan Elston,relstonl0,"qS4{fR\"""
mmatthiesenl1@apache.org,Transsexual,Mechelle Matthiesen,mmatthiesenl1,"hP6~""""S=s"
aebbingsl2@google.es,Transgender,Aloisia Ebbings,aebbingsl2,oE3>Y7$/
lkirwoodl3@amazon.co.uk,Neutrois,Latia Kirwood,lkirwoodl3,tH2{xSJKJ0bx>/I
cpullinl4@samsung.com,Androgynous,Corette Pullin,cpullinl4,mZ2#cB+=}4epq6=P
iscoularl5@over-blog.com,Cisgender Female,Ina Scoular,iscoularl5,"nQ3$}e$_,=Q_3Kpt"
hgoadbiel6@lulu.com,Female to Male,Hewie Goadbie,hgoadbiel6,oN9(mGqbz6JI%#'a
jmorrissl7@ifeng.com,Transgender Person,Janot Morriss,jmorrissl7,"dS4!%u$,~Iq8\"
phainingl8@xinhuanet.com,Gender Variant,Parnell Haining,phainingl8,vG1.!FQw7&AA=y_P
dkeeltaghl9@economist.com,Gender Fluid,Demetra Keeltagh,dkeeltaghl9,nQ8%euruR/NMvGx
jbenkala@ezinearticles.com,Transsexual Man,Jourdan Benka,jbenkala,jX5`S/Ij)@ub5f
hstilelb@yelp.com,Cisgender Male,Hi Stile,hstilelb,mM0*9C84mOBo$
ablackshawlc@hugedomains.com,Cis Female,Alaster Blackshaw,ablackshawlc,oS4=JjitEns
shemmsld@desdev.cn,Transfeminine,Sadie Hemms,shemmsld,aR0+H~e0#1K*$Ih
nmilamle@uiuc.edu,Female to Male,Nicki Milam,nmilamle,cA9|%*e?
bharcelf@4shared.com,Trans Male,Burl Harce,bharcelf,mH8~U\6=a~o.FoaT
ploughrenlg@github.com,Transfeminine,Phillipp Loughren,ploughrenlg,"fW7""mt2e,4Z.3amz"
jidellh@vk.com,Transgender Person,Jennilee Idel,jidellh,cW0?$!}C@WKq.
njozefczakli@nifty.com,Cisgender,Norrie Jozefczak,njozefczakli,"hS2*3X""d4Le"
oneweylj@unc.edu,Transgender Person,Omero Newey,oneweylj,qJ1~Oq~N4BnGIL
ralbertilk@arstechnica.com,Transsexual Male,Rozalin Alberti,ralbertilk,xD0~dZ3sD~
bmetsonll@telegraph.co.uk,Cis Female,Brooke Metson,bmetsonll,yW4|4=Z~zTQ
rdanburylm@ihg.com,Transsexual Female,Reggie Danbury,rdanburylm,gV5|3)B$|
falbistonln@netscape.com,Transgender Male,Farleigh Albiston,falbistonln,rM2)(Mo2I~e
wsowersbylo@netvibes.com,Transsexual Person,Wallas Sowersby,wsowersbylo,fF5=&c@&g&}va
njeffrieslp@china.com.cn,Cis,Natalie Jeffries,njeffrieslp,cS4>BRZ~begPx9
aculpenlq@webnode.com,Bigender,Andy Culpen,aculpenlq,uM1'=Xgxf'>g
bhrinishinlr@huffingtonpost.com,Cis Man,Baudoin Hrinishin,bhrinishinlr,tG0&J6p@!
zalelsandrovichls@bandcamp.com,Trans Man,Zahara Alelsandrovich,zalelsandrovichls,sW8/R4RLzymN1og'
ssambalslt@hubpages.com,Gender Questioning,Sawyer Sambals,ssambalslt,qM8<12#p.
imacardlelu@ezinearticles.com,Transgender,Inglebert MacArdle,imacardlelu,tZ4+o(SUW9BqGyF
vseamerlv@bloomberg.com,Androgyne,Van Seamer,vseamerlv,xP4~qPH_f>WO
loakdenlw@webmd.com,Female to Male,Lind Oakden,loakdenlw,qB3{c~IsjE
ebordeslx@ihg.com,Transfeminine,Esmeralda Bordes,ebordeslx,qG2!X#uEA*
blyesly@spotify.com,Two-Spirit,Bay Lyes,blyesly,fN1?O4eK@g
ebramleylz@printfriendly.com,Trans Person,Englebert Bramley,ebramleylz,lV5(9{q{y
cabisettim0@seattletimes.com,Cis Male,Cissy Abisetti,cabisettim0,uX0)JJ$+FJhx\9i`
efaslerm1@webs.com,Trans Female,Emmeline Fasler,efaslerm1,vO1.sJ.n*
bmehargm2@example.com,Two-Spirit,Bobbi Meharg,bmehargm2,oN8?Rx*(Z/I<
ejeffreysm3@mozilla.org,FTM,Eadie Jeffreys,ejeffreysm3,aA8#lBm/UPY
cnortheastm4@omniture.com,MTF,Cornelle Northeast,cnortheastm4,wG5_>v*=L(D9HS
aschallm5@t.co,Agender,Abbe Schall,aschallm5,xT3/U#n)Z)p
ishearmanm6@toplist.cz,Trans,Ivan Shearman,ishearmanm6,"gZ5$?kz""M,%}"
geilhartm7@mail.ru,Two-Spirit,Gerardo Eilhart,geilhartm7,hQ2&6m&?TUSrc.'
dllewellynm8@dagondesign.com,Non-binary,Dell Llewellyn,dllewellynm8,"aE7><f""&7?v#t?7b"
ibenzm9@shareasale.com,Androgynous,Ignatius Benz,ibenzm9,bM1!ENJX
badlemma@cloudflare.com,Cis Woman,Becka Adlem,badlemma,sJ3$0c3B`
cpiepermb@skype.com,Bigender,Catrina Pieper,cpiepermb,kF7(<s.Ct}FPf
ahavillemc@slideshare.net,Two-Spirit,Alexandros Haville,ahavillemc,lT9|>6i@xdpB
sfrostdickemd@time.com,Transfeminine,Sydel Frostdicke,sfrostdickemd,mX1}~__6fZNSDa36
dmackombme@msn.com,Transsexual Woman,Denise MacKomb,dmackombme,"oR0<""lDv"
vdeinhardmf@ucla.edu,Transsexual Man,Valeria Deinhard,vdeinhardmf,bW5=0j/4Qoc8!>`.
eswindellsmg@tmall.com,Trans,Emory Swindells,eswindellsmg,pP9?0=V09P#h6#
msamettmh@yolasite.com,Transsexual Man,Maddi Samett,msamettmh,"hK8,$(fp"
adoorlymi@dedecms.com,Neutrois,Adlai Doorly,adoorlymi,gX9}kW3}a>
hfontellesmj@cloudflare.com,Trans Woman,Hesther Fontelles,hfontellesmj,vW2`rwxk0(aN=m~
croziermk@sfgate.com,Trans Woman,Cordy Rozier,croziermk,jB0/xknX8s
drowaszkiewiczml@bloglovin.com,FTM,Ddene Rowaszkiewicz,drowaszkiewiczml,oD9$U?VyGqp
schiommientimm@yelp.com,Intersex,Sandie Chiommienti,schiommientimm,"kU9&!&y0J6,t{"
ifourmanmn@mtv.com,Female to Male,Inigo Fourman,ifourmanmn,lA4{VfdkglPT|6y
dtrottermo@craigslist.org,Gender Variant,Dimitry Trotter,dtrottermo,mT0.U&D1~=$Wc.
rgaggmp@shinystat.com,Genderqueer,Rochella Gagg,rgaggmp,xA9<*rnJr|pa
hmacklammq@prweb.com,Trans Male,Halimeda Macklam,hmacklammq,wI1$F3rWLmaX\XlD
oaverymr@umn.edu,Male to Female,Ozzy Avery,oaverymr,tG3{IYDbdQ@+}
aswabyms@oracle.com,Other,Anabel Swaby,aswabyms,bU0%yI=d@H*zBgc
adosdellmt@yolasite.com,Transgender,Anson Dosdell,adosdellmt,mD0).?vo?
bmedfordmu@oakley.com,FTM,Bret Medford,bmedfordmu,qH8{sQ%&Cx@
mdartnellmv@aol.com,Trans Person,Marla Dartnell,mdartnellmv,"kF0'U{Iny,JY9"
pohlsenmw@amazon.co.jp,Gender Questioning,Pru Ohlsen,pohlsenmw,rT5$~K24D1kJ)Ia
cchallenermx@sphinn.com,Androgyne,Cristin Challener,cchallenermx,eV3%yf~?6!zv
lwilmottmy@free.fr,Cis Female,Laurena Wilmott,lwilmottmy,jO3{PZnd!&H|YJQ\
khickenmz@fotki.com,Bigender,Kara-lynn Hicken,khickenmz,sA9((W}US+c{pzSz
cewingsn0@exblog.jp,Male to Female,Carrissa Ewings,cewingsn0,gC9{SNwb(
sroelofsenn1@discuz.net,Bigender,Sherill Roelofsen,sroelofsenn1,lG4&6'wZvJO`q3
mbarstown2@joomla.org,Transgender Male,Mersey Barstow,mbarstown2,rN3(@gl=L
tjuppen3@csmonitor.com,Cis Female,Thatcher Juppe,tjuppen3,"xV7""*J>k94LMS"
dnutmann4@is.gd,Transgender Person,Dasya Nutman,dnutmann4,sL7`ZW%LoY&3vlA
ccosgreaven5@state.tx.us,Neither,Cchaddie Cosgreave,ccosgreaven5,hF0\3BwZl7Kn
sespaderon6@blogs.com,Transsexual Man,Sallie Espadero,sespaderon6,tJ1_iM}7HfmJ}%35
yblofeldn7@japanpost.jp,Bigender,Yetty Blofeld,yblofeldn7,eA0|U$9dPVJ\=GM
arosettin8@purevolume.com,Gender Fluid,Abby Rosetti,arosettin8,aP6/WYX2T
kmccaddenn9@imdb.com,Cis Male,Krishna McCadden,kmccaddenn9,pQ0(t6K=}
esparshottna@mail.ru,Non-binary,Elka Sparshott,esparshottna,kB5(I{6.uQ>N9b8Y
bblackallnb@wufoo.com,Gender Questioning,Biddy Blackall,bblackallnb,rB6#8lp9xMn?9}
agumbrellnc@i2i.jp,Neutrois,Alvis Gumbrell,agumbrellnc,iG7/q/B%)
cgreendalend@microsoft.com,Cis Male,Clarance Greendale,cgreendalend,"dR5\',C)'Q#F#"
kseydlitzne@cbc.ca,Androgynous,Koralle Seydlitz,kseydlitzne,"jW3?_Y""5Y{?~"
jnoelnf@sciencedirect.com,Transsexual Female,Jefferson Noel,jnoelnf,"nQ4%_F,!3M6"
ldictng@nature.com,Transgender Female,Lenard Dict,ldictng,iU5>Pu!S=
msailornh@cafepress.com,MTF,Marsha Sailor,msailornh,iC0!C#SNm
ldodni@reverbnation.com,MTF,Logan Dod,ldodni,dD3~5Rb!>i0
bdaintithnj@blogs.com,Trans Man,Breena Daintith,bdaintithnj,"tN2}/f6x,{h\"
erenhardnk@walmart.com,Two-Spirit,Emmit Renhard,erenhardnk,qE6$b_2b
clansdownnl@imdb.com,Female to Male,Cassie Lansdown,clansdownnl,kX4}NL`Uyd\!cxf
bdeynm@123-reg.co.uk,Cisgender Male,Brianne Dey,bdeynm,"kU6\7""Nj"
pkolesnn@hubpages.com,Trans Female,Paula Koles,pkolesnn,eR5`kLJm
kmolnarno@constantcontact.com,Two-Spirit,Kilian Molnar,kmolnarno,hS8=aq/`XS
fcowupnp@flavors.me,Transgender Woman,Fanny Cowup,fcowupnp,pR3&z(8qgu
thakkingnq@telegraph.co.uk,Bigender,Timmie Hakking,thakkingnq,xB8=n8WC`2zAgf
bmacparlannr@bloglines.com,Transgender Man,Brad MacParlan,bmacparlannr,yF8}/q.j!k
aclosens@theguardian.com,Trans Female,Ainslee Close,aclosens,kZ3/QRdzZ/T(KSj~
mstenninent@ed.gov,Gender Questioning,Merwin Stennine,mstenninent,"hX6_t0"",&"
hdenu@tripadvisor.com,Transsexual Woman,Henryetta De Normanville,hdenu,dX1!fj/6
ddukernv@google.cn,Neither,Diane-marie Duker,ddukernv,rO6(|MmKIUYUh
cplastownw@merriam-webster.com,Pangender,Carey Plastow,cplastownw,mD2#XIyB(
bperigoenx@last.fm,Transgender Woman,Briggs Perigoe,bperigoenx,jD6$9?\aE
mjanuszny@diigo.com,Androgyne,Marjie Janusz,mjanuszny,wT2<C8DyEFCv/'(
sreimernz@arstechnica.com,FTM,Silvanus Reimer,sreimernz,mF0?Bd~C)
kquippo0@forbes.com,Gender Fluid,Karoly Quipp,kquippo0,"jY7}dvA?>x""NQg"
cbighamo1@hugedomains.com,Trans,Carol Bigham,cbighamo1,mW8%`SU2
pbahlo2@qq.com,Transfeminine,Pieter Bahl,pbahlo2,lZ0?F%7wi76zpQT9
leassono3@ustream.tv,Transsexual Female,Leanora Easson,leassono3,fV0~$'/fnf
ajouannissono4@reverbnation.com,Transfeminine,Abram Jouannisson,ajouannissono4,yI6$mQf5c
bwittso5@dailymail.co.uk,Cis Female,Bill Witts,bwittso5,zK3%OUap<Sc4Wx~D
mcasassao6@sohu.com,Agender,Malissia Casassa,mcasassao6,zP3>II+pz%@@o
wrubineko7@admin.ch,Cisgender Man,Wiatt Rubinek,wrubineko7,mC0#m.H*q57Zyb
pashmoreo8@ted.com,Pangender,Peterus Ashmore,pashmoreo8,xJ4|>RSP
jarchdeckneo9@time.com,Trans,Jacquie Archdeckne,jarchdeckneo9,lU9&iym|xS.224t7
scollinghamoa@desdev.cn,Male to Female,Shayne Collingham,scollinghamoa,tQ0|?8}rFb_
dbraunsob@china.com.cn,Cis Male,Devonna Brauns,dbraunsob,aA4$S(X)U0h
ckernaroc@livejournal.com,Androgynous,Chrysa Kernar,ckernaroc,nF2{Zc!\p
abowickod@flavors.me,Transfeminine,Alexis Bowick,abowickod,rZ7=oJy0W2y
obulgenoe@usnews.com,Cisgender Male,Odelia Bulgen,obulgenoe,uH3)46T8~Y2c7hP>
cgainsboroughof@nationalgeographic.com,Two-Spirit,Claire Gainsborough,cgainsboroughof,fE9{F0(8}*G
cisetonog@yandex.ru,Cisgender Male,Constanta Iseton,cisetonog,zO1#h|DARg_rp12y
tmordecaioh@diigo.com,MTF,Toni Mordecai,tmordecaioh,cM5~%MFU
mscyoneoi@house.gov,Transfeminine,Minnaminnie Scyone,mscyoneoi,gO7$w87Wsg
vbolandoj@sbwire.com,Transsexual Woman,Vallie Boland,vbolandoj,gP8(!=v<nBM+)
qtomczynskiok@wiley.com,Bigender,Quinn Tomczynski,qtomczynskiok,"aP3&f@D#\eP%""@U"
morteltol@usda.gov,Transsexual Female,Myles Ortelt,morteltol,qB3<z1c{F_mTGGA
crivenzonom@aboutads.info,Male to Female,Charleen Rivenzon,crivenzonom,dF1'}x07'zwI{o
nyashinon@pen.io,Neutrois,Nealon Yashin,nyashinon,"tM5>Z,y\VvsG|"
kcraighalloo@seesaa.net,Male to Female,Kurt Craighall,kcraighalloo,oB5&V&Di
fsnyderop@google.com.au,Androgyne,Farah Snyder,fsnyderop,qX3|)UV4<m
tgreatedoq@ovh.net,Bigender,Tracie Greated,tgreatedoq,iV6|<}1E*R=wZO
mmacduffor@godaddy.com,Cisgender,Mady MacDuff,mmacduffor,oM4#F>vauT%!
igallyonos@hc360.com,Transgender Female,Ines Gallyon,igallyonos,nP0`$dy|p@Q5
msorensenot@google.es,Cisgender Man,Michelina Sorensen,msorensenot,"yB6%SYB~63_%,"
mboyseou@bing.com,Cisgender Female,Modesty Boyse,mboyseou,kX2+(dt\|uRE)Yv
rbergov@google.fr,Transgender Woman,Robbyn Berg,rbergov,nD7'fVfC`RNQk2cr
kmotherwellow@sun.com,Transsexual Woman,Koral Motherwell,kmotherwellow,bI3|D%{@nl8T
shaseldenox@live.com,Male to Female,Sephira Haselden,shaseldenox,pK0{`g/L'F
smacadamoy@delicious.com,Cis Male,Sheelagh MacAdam,smacadamoy,xV4<XC>7jRPM_R6a
sabbessoz@symantec.com,Trans Man,Scott Abbess,sabbessoz,"lF3`&<<M?,"
ahaffnerp0@nasa.gov,Androgynous,Alfi Haffner,ahaffnerp0,pL5|3y~o@5
ovantp1@linkedin.com,Transgender,Olin Vant,ovantp1,aC3#Vl+9KCrq9\ea
kforesp2@privacy.gov.au,Pangender,Kori Fores,kforesp2,"dT1\"",xa(~kAU"
mmoneryp3@home.pl,Pangender,Misty Monery,mmoneryp3,cU8`E_P0
mcopesp4@diigo.com,Cisgender,Muhammad Copes,mcopesp4,nW2+u(53C3
epigneyp5@webeden.co.uk,Transgender Female,Egon Pigney,epigneyp5,cO2%$.}=mX0
gharesignp6@washingtonpost.com,Trans Male,Godfrey Haresign,gharesignp6,nB7?$j=0t
acassamp7@wikimedia.org,Transsexual,Adrienne Cassam,acassamp7,oT3%(lPjn5EqvrbF
aparminterp8@auda.org.au,Non-binary,Andras Parminter,aparminterp8,tH4'$G1>0g@#rzuF
bembureyp9@icq.com,Trans,Bibbye Emburey,bembureyp9,uK4=<DH|Pxy=h}p
qbaconpa@mysql.com,Intersex,Quincy Bacon,qbaconpa,"nK5""QN\WSrj3'$"
cdipb@twitter.com,Trans Person,Cherri Di Maria,cdipb,bL7%NPiXB(TV
gbuggepc@hibu.com,MTF,Gaylord Bugge,gbuggepc,eG0/ri{0cKtU
tstarsmearepd@nature.com,Gender Questioning,Tucker Starsmeare,tstarsmearepd,qO1~q+_%z?u5
bedmundpe@google.com.hk,Transsexual Woman,Bordie Edmund,bedmundpe,uI9_3`*O
bmcclintockpf@marketwatch.com,Genderqueer,Bertina McClintock,bmcclintockpf,tS4!+D$PTa
aolufsenpg@cam.ac.uk,Transmasculine,Aurora Olufsen,aolufsenpg,oK6~rm/Nd6aL80
hzorziph@ftc.gov,Transgender Male,Harwilll Zorzi,hzorziph,iQ7<2R}!wKhH9.
aairdriepi@sciencedaily.com,Trans,Aura Airdrie,aairdriepi,fZ0%s'Rb
latheypj@ustream.tv,MTF,Luce Athey,latheypj,"lD2%H&U""pliuny"
uabramowitchpk@pinterest.com,Gender Fluid,Ursa Abramowitch,uabramowitchpk,aH3/N.Y0Hh
nmannoochpl@networksolutions.com,Cisgender Man,Natasha Mannooch,nmannoochpl,xM1_!{IW`b'`JZ
aclymapm@clickbank.net,Cis,Aylmer Clyma,aclymapm,jO1#DxHui
jsaltmarshpn@wix.com,Cis Male,Jessica Saltmarsh,jsaltmarshpn,"sN5,_>pk{j"
mbadhampo@blinklist.com,Trans Woman,Magdaia Badham,mbadhampo,iH5`#7)*pqYH=~
fcantopherpp@technorati.com,Neutrois,Fairfax Cantopher,fcantopherpp,"uT8/D3+i,JFP&"
kfollisspq@1und1.de,Gender Variant,Kenton Folliss,kfollisspq,kD7>3Hav8Ke
enutbeempr@dedecms.com,Transgender Female,Elwira Nutbeem,enutbeempr,"sN0,.8XQ@q"
jsagarps@ycombinator.com,Transgender Man,Josephina Sagar,jsagarps,gK5|D~fS|TH9?
ddybaldpt@csmonitor.com,Cis Woman,Dahlia Dybald,ddybaldpt,cQ9%owMqO2%ae
epotterilpu@admin.ch,Transgender Man,Eldon Potteril,epotterilpu,fX8.<8q}*/XYt
gbroschekpv@domainmarket.com,Transsexual Man,Gaby Broschek,gbroschekpv,rX1#6/4jUo(
klarchierpw@tamu.edu,Transgender Female,Kalvin Larchier,klarchierpw,gV4_`#'vt
umcclurgpx@patch.com,Neither,Udall McClurg,umcclurgpx,pH4~vH'ooMgk
dpachepy@uiuc.edu,Transgender Person,Dario Pache,dpachepy,wZ3'MXp!?g
bbubbpz@utexas.edu,Cis Female,Brien Bubb,bbubbpz,oY0{)eP{z{sP$V1!
bassafq0@is.gd,Transfeminine,Brynne Assaf,bassafq0,"mQ0*0BH/Z,0dcA"
pelwelq1@umn.edu,Other,Paten Elwel,pelwelq1,kJ8_/(\#nq)
llatheeq2@oracle.com,Genderqueer,Laurie Lathee,llatheeq2,rX3#kO!'ozSE>@ps
dsarchwellq3@nature.com,Non-binary,Danyelle Sarchwell,dsarchwellq3,"qT4,E0@shIT8"
bsabinq4@blogtalkradio.com,Other,Beatrisa Sabin,bsabinq4,cJ4'ifbSW
cjosipovitzq5@fda.gov,Trans,Cheston Josipovitz,cjosipovitzq5,uT9\asW`
fpanchenq6@instagram.com,Transsexual Female,Francisca Panchen,fpanchenq6,dQ8|Nc!V$$
idavidovq7@flavors.me,Pangender,Irving Davidov,idavidovq7,"hA7<7n@"""
wwanklinq8@netscape.com,Cis Man,Willdon Wanklin,wwanklinq8,oV7%xLzB9@AdIT
vjakabq9@trellian.com,Cisgender Man,Vikki Jakab,vjakabq9,sN2*.deXq3`!Q0
epaitonqa@infoseek.co.jp,Transsexual Female,Elvina Paiton,epaitonqa,iJ2#zj`szh7*ZKm1
lsainsqb@istockphoto.com,Transsexual Male,Lebbie Sains,lsainsqb,qY2\Y5K|W{5N{&GB
mturbernqc@icq.com,Transgender Person,Mirabel Turbern,mturbernqc,"bL6/""F(vi&RJnX"
iashmoleqd@deviantart.com,Gender Fluid,Isadora Ashmole,iashmoleqd,dQ1&\a?js
woliverpaullqe@japanpost.jp,Pangender,Wallis Oliver-Paull,woliverpaullqe,mB8>_DJhVSlrAw
mmaruszewskiqf@un.org,Cisgender Female,Merell Maruszewski,mmaruszewskiqf,"nQ7@8,PBVy=cm5"
arudeqg@sogou.com,Trans Person,Abby Rude,arudeqg,sZ2}aIa<I8y
kkrysztofiakqh@usnews.com,Transsexual Male,Kassandra Krysztofiak,kkrysztofiakqh,"kQ6,e!@IWzQf<.B,"
lbackesqi@bloglines.com,Pangender,Lora Backes,lbackesqi,yA9#r@\1%OZ
rchoulertonqj@storify.com,Neutrois,Rod Choulerton,rchoulertonqj,sR4!231\.bQlFl
hfarnworthqk@paypal.com,Trans Person,Henryetta Farnworth,hfarnworthqk,bI9|n#2UAn(OmX/
cjaniakql@addtoany.com,Transsexual Person,Claribel Janiak,cjaniakql,wM9$.hC.i
awagonqm@berkeley.edu,Cis Male,Alberta Wagon,awagonqm,"uN4$<bRLc,8_"
lgopsellqn@yellowpages.com,Cis Female,Leonora Gopsell,lgopsellqn,tO2?%c!b7!ahX<
gredihoughqo@linkedin.com,Transsexual Man,Gustav Redihough,gredihoughqo,nO2=M&jGP&
sstanyanqp@vkontakte.ru,Neither,Sancho Stanyan,sstanyanqp,bL2'hq=TNf
cackwoodqq@ocn.ne.jp,Neither,Caleb Ackwood,cackwoodqq,hE8%u1rECKV`
vwoolrichqr@va.gov,Gender Questioning,Valeria Woolrich,vwoolrichqr,aO8*)*(}v}
jpennazziqs@nifty.com,Gender Nonconforming,Jemimah Pennazzi,jpennazziqs,iH6.x2yPb
sfortonqt@github.io,Gender Nonconforming,Sayre Forton,sfortonqt,lT9*IK6Q0b
ctantqu@npr.org,Transfeminine,Clemence Tant,ctantqu,"tZ0_Hg""|/v""lHw>"
ssainsberryqv@amazon.co.jp,Transmasculine,Sharron Sainsberry,ssainsberryqv,uZ0=@A=OT
jpaulotqw@ftc.gov,Transsexual Woman,Jory Paulot,jpaulotqw,"yK3,OEj6yK0W5"
scowdroyqx@de.vu,Transgender Female,Steffen Cowdroy,scowdroyqx,pJ3+@<F<j'd
atregidgaqy@wiley.com,Transsexual,Alphard Tregidga,atregidgaqy,oY1\bmc!p0
bavrahamqz@ibm.com,Genderqueer,Burl Avraham,bavrahamqz,oH4<s=KLd
aspriddler0@technorati.com,Female to Male,Angelique Spriddle,aspriddler0,sE0{+&F09'
hjerattr1@irs.gov,Cisgender Male,Heindrick Jeratt,hjerattr1,tQ1=cT\R2
jsaxonr2@google.co.uk,Transgender Female,Johnathan Saxon,jsaxonr2,"iJ1&7$""+"
earnoldsr3@slashdot.org,Bigender,Eunice Arnolds,earnoldsr3,"dZ8\Vv5)3~,a_Wn"
rblakesleyr4@jiathis.com,MTF,Rudolph Blakesley,rblakesleyr4,bN7(PMb9{~j.A+yI
ntriebnerr5@sitemeter.com,Genderqueer,Nicol Triebner,ntriebnerr5,kY2.8&!k?
obentermanr6@cornell.edu,Neutrois,Olympie Benterman,obentermanr6,jM0`+VANG{(&
sknightsbridger7@statcounter.com,Gender Nonconforming,Sherrie Knightsbridge,sknightsbridger7,"cR0,b{3C*JF$ylI"
dchipperfieldr8@weibo.com,Transsexual,Donn Chipperfield,dchipperfieldr8,wE1#Og73u`|
dtakkosr9@buzzfeed.com,Trans Person,Devlen Takkos,dtakkosr9,eL6\(84xyrctRJ
neversleyra@apache.org,Other,Nadeen Eversley,neversleyra,"tG0,D3s""f0<zV'"
ahatzarrb@dailymail.co.uk,Cis Woman,Aubrey Hatzar,ahatzarrb,cX4*h59%>Um
gghilardirc@msn.com,MTF,Gwendolyn Ghilardi,gghilardirc,yV7%f).M2@o3BK*
ahawgoodrd@arstechnica.com,Cis,Adelaida Hawgood,ahawgoodrd,"vI0\1,,EFpL"
ruvedalere@washingtonpost.com,Bigender,Ruby Uvedale,ruvedalere,"eN2(L,hG0(i"
itomasikrf@mediafire.com,Transgender,Isaiah Tomasik,itomasikrf,"uV1""Qi#~z7"
mpetitrg@studiopress.com,Genderqueer,Marlee Petit,mpetitrg,jI0`R&COc\
aduckrh@seattletimes.com,Other,Alaric Duck,aduckrh,gQ4#Q#_8zSb
thaseleyri@instagram.com,Cis Man,Tommi Haseley,thaseleyri,pS9~Np.M$%MT
sdaccarj@artisteer.com,Trans Male,Sabina Dacca,sdaccarj,xH9<Rr9qxMO!x}
ilowderk@omniture.com,Neither,Ignace Lowde,ilowderk,mX4<%XKXlT9c
bbarcroftrl@addthis.com,Trans Male,Brittan Barcroft,bbarcroftrl,nP3)H8q2y2k4
ajanoschekrm@nps.gov,Agender,Angelle Janoschek,ajanoschekrm,mW9$timBIY)MShlR
bportern@businessweek.com,Trans Male,Bernette Porte,bportern,pV1}</LT`2jR`g7i
woheagertiero@bbc.co.uk,Transsexual Person,Werner O'Heagertie,woheagertiero,"mF6,W!}(|mHgUB+M"
aionsrp@flavors.me,Gender Fluid,Andriette Ions,aionsrp,wL8'$SUMUNqPgP
nroderigorq@soup.io,Non-binary,Noellyn Roderigo,nroderigorq,yU6%BtKM
tstrickrr@linkedin.com,Agender,Tedmund Strick,tstrickrr,sI6*V>?'
